,year,month,day,hour,created,source,favoriteCount,retweetCount,picture,exclamation,hashtag,excl_hash,hr_bucket,hr1,hr2,hr3,hr4
0,2017,2,8,20,2/9/2017 1:05,iPhone,81919.0,17825,Picture/link,Yes,No,0,3,0,0,0,1
1,2017,2,8,17,2/8/2017 22:07,iPhone,55817.0,11696,Picture/link,No,No,1,2,0,0,1,0
2,2017,2,8,16,2/8/2017 21:46,iPhone,51699.0,13953,Picture/link,No,No,1,2,0,0,1,0
3,2017,2,8,14,2/8/2017 19:39,iPhone,82429.0,20705,Picture/link,No,No,1,2,0,0,1,0
4,2017,2,8,14,2/8/2017 19:22,iPhone,70357.0,16563,Picture/link,Yes,No,0,2,0,0,1,0
5,2017,2,8,12,2/8/2017 17:41,Android,67233.0,14217,No picture/link,Yes,No,0,2,0,0,1,0
6,2017,2,8,10,2/8/2017 15:54,iPhone,49918.0,15607,Picture/link,No,No,1,1,0,1,0,0
7,2017,2,8,10,2/8/2017 15:51,iPhone,112483.0,22374,No picture/link,Yes,No,0,1,0,1,0,0
8,2017,2,8,10,2/8/2017 15:23,iPhone,74040.0,13689,Picture/link,No,No,1,1,0,1,0,0
9,2017,2,8,8,2/8/2017 13:04,Android,64248.0,9952,No picture/link,No,No,1,1,0,1,0,0
10,2017,2,8,7,2/8/2017 12:03,Android,100000.0,20167,No picture/link,Yes,No,0,1,0,1,0,0
11,2017,2,7,20,2/8/2017 1:04,Android,146828.0,34214,No picture/link,Yes,No,0,3,0,0,0,1
12,2017,2,7,11,2/7/2017 16:25,iPhone,100975.0,17460,Picture/link,No,No,1,1,0,1,0,0
13,2017,2,7,7,2/7/2017 12:11,iPhone,180664.0,49044,No picture/link,Yes,Yes,1,1,0,1,0,0
14,2017,2,6,21,2/7/2017 2:49,Android,140939.0,32018,No picture/link,Yes,No,0,3,0,0,0,1
15,2017,2,6,21,2/7/2017 2:33,Android,88637.0,16103,No picture/link,Yes,No,0,3,0,0,0,1
16,2017,2,6,18,2/6/2017 23:33,iPhone,50648.0,7814,Picture/link,Yes,No,0,3,0,0,0,1
17,2017,2,6,11,2/6/2017 16:32,Android,94032.0,19099,No picture/link,Yes,No,0,1,0,1,0,0
18,2017,2,6,7,2/6/2017 12:07,Android,123175.0,23876,No picture/link,Yes,No,0,1,0,1,0,0
19,2017,2,6,7,2/6/2017 12:01,Android,158747.0,35674,No picture/link,No,No,1,1,0,1,0,0
20,2017,2,5,22,2/6/2017 3:36,Android,268502.0,74686,No picture/link,Yes,No,0,3,0,0,0,1
21,2017,2,5,17,2/5/2017 22:49,Android,185642.0,37220,No picture/link,Yes,Yes,1,2,0,0,1,0
22,2017,2,5,15,2/5/2017 20:42,Android,145364.0,28252,No picture/link,Yes,No,0,2,0,0,1,0
23,2017,2,5,15,2/5/2017 20:39,Android,136926.0,29154,No picture/link,Yes,No,0,2,0,0,1,0
24,2017,2,4,19,2/5/2017 0:48,Android,129615.0,28371,No picture/link,Yes,No,0,3,0,0,0,1
25,2017,2,4,19,2/5/2017 0:34,Android,70579.0,11456,No picture/link,Yes,No,0,3,0,0,0,1
26,2017,2,4,18,2/4/2017 23:37,Android,97193.0,17993,Picture/link,No,No,1,3,0,0,0,1
27,2017,2,4,16,2/4/2017 21:44,Android,137116.0,29626,No picture/link,No,No,1,2,0,0,1,0
28,2017,2,4,15,2/4/2017 20:44,Android,148355.0,32996,No picture/link,No,No,1,2,0,0,1,0
29,2017,2,4,9,2/4/2017 14:26,Android,255463.0,66243,No picture/link,Yes,No,0,1,0,1,0,0
30,2017,2,4,8,2/4/2017 13:39,Android,103122.0,17619,No picture/link,Yes,No,0,1,0,1,0,0
31,2017,2,4,8,2/4/2017 13:12,Android,159987.0,33761,No picture/link,Yes,No,0,1,0,1,0,0
32,2017,2,4,8,2/4/2017 13:06,Android,140089.0,28514,No picture/link,Yes,No,0,1,0,1,0,0
33,2017,2,4,7,2/4/2017 12:59,Android,175811.0,38143,No picture/link,Yes,No,0,1,0,1,0,0
34,2017,2,3,22,2/4/2017 3:07,Android,155013.0,27176,No picture/link,Yes,No,0,3,0,0,0,1
35,2017,2,3,18,2/3/2017 23:08,Android,205799.0,45000,No picture/link,Yes,No,0,3,0,0,0,1
36,2017,2,3,7,2/3/2017 12:51,Android,165875.0,42394,No picture/link,No,No,1,1,0,1,0,0
37,2017,2,3,6,2/3/2017 11:48,Android,174612.0,43340,No picture/link,Yes,No,0,1,0,1,0,0
38,2017,2,3,6,2/3/2017 11:41,Android,126517.0,19545,No picture/link,Yes,No,0,1,0,1,0,0
39,2017,2,3,6,2/3/2017 11:34,Android,150108.0,33159,No picture/link,Yes,No,0,1,0,1,0,0
40,2017,2,3,6,2/3/2017 11:28,Android,174399.0,64835,No picture/link,Yes,No,0,1,0,1,0,0
41,2017,2,3,6,2/3/2017 11:24,Android,117204.0,23547,No picture/link,Yes,No,0,1,0,1,0,0
42,2017,2,2,12,2/2/2017 17:29,iPhone,126599.0,26543,Picture/link,Yes,No,0,2,0,0,1,0
43,2017,2,2,6,2/2/2017 11:39,Android,98320.0,24545,No picture/link,No,No,1,1,0,1,0,0
44,2017,2,2,6,2/2/2017 11:34,Android,122466.0,39996,No picture/link,Yes,No,0,1,0,1,0,0
45,2017,2,2,6,2/2/2017 11:25,Android,124814.0,16933,No picture/link,Yes,No,0,1,0,1,0,0
46,2017,2,2,6,2/2/2017 11:18,Android,116318.0,16160,No picture/link,Yes,No,0,1,0,1,0,0
47,2017,2,2,6,2/2/2017 11:13,Android,214925.0,59610,No picture/link,No,No,1,1,0,1,0,0
48,2017,2,1,22,2/2/2017 3:55,Android,154204.0,38046,No picture/link,Yes,No,0,3,0,0,0,1
49,2017,2,1,22,2/2/2017 3:06,Android,94571.0,21338,No picture/link,Yes,No,0,3,0,0,0,1
50,2017,2,1,7,2/1/2017 12:50,Android,255709.0,61537,No picture/link,Yes,No,0,1,0,1,0,0
51,2017,1,31,22,2/1/2017 3:45,Android,254624.0,34888,No picture/link,No,No,1,3,0,0,0,1
52,2017,1,31,20,2/1/2017 1:01,iPhone,53342.0,6645,Picture/link,No,No,1,3,0,0,0,1
53,2017,1,31,19,2/1/2017 0:31,Android,104361.0,16732,No picture/link,Yes,No,0,3,0,0,0,1
54,2017,1,31,6,1/31/2017 11:27,Android,181999.0,39574,No picture/link,Yes,No,0,1,0,1,0,0
55,2017,1,31,6,1/31/2017 11:21,Android,155069.0,31741,No picture/link,Yes,No,0,1,0,1,0,0
56,2017,1,30,19,1/31/2017 0:45,Android,129246.0,28368,No picture/link,No,No,1,3,0,0,0,1
57,2017,1,30,16,1/30/2017 21:07,iPhone,179353.0,35174,Picture/link,No,No,1,2,0,0,1,0
58,2017,1,30,9,1/30/2017 14:23,iPhone,166027.0,33269,No picture/link,No,No,1,1,0,1,0,0
59,2017,1,30,8,1/30/2017 13:43,Android,129066.0,25502,No picture/link,No,No,1,1,0,1,0,0
60,2017,1,30,8,1/30/2017 13:31,Android,174399.0,36082,No picture/link,Yes,No,0,1,0,1,0,0
61,2017,1,30,7,1/30/2017 12:27,Android,176095.0,35795,No picture/link,Yes,No,0,1,0,1,0,0
62,2017,1,30,7,1/30/2017 12:20,Android,136145.0,24507,No picture/link,Yes,No,0,1,0,1,0,0
63,2017,1,30,7,1/30/2017 12:16,Android,132906.0,31579,No picture/link,No,No,1,1,0,1,0,0
64,2017,1,29,18,1/29/2017 23:39,iPhone,68474.0,11231,No picture/link,Yes,No,0,3,0,0,0,1
65,2017,1,29,18,1/29/2017 23:28,iPhone,70112.0,17254,Picture/link,No,No,1,3,0,0,0,1
66,2017,1,29,16,1/29/2017 21:49,Android,172876.0,42826,No picture/link,No,No,1,2,0,0,1,0
67,2017,1,29,16,1/29/2017 21:45,Android,109234.0,24234,No picture/link,No,No,1,2,0,0,1,0
68,2017,1,29,10,1/29/2017 15:03,Android,227372.0,60209,No picture/link,Yes,No,0,1,0,1,0,0
69,2017,1,29,8,1/29/2017 13:08,Android,222493.0,51361,No picture/link,Yes,No,0,1,0,1,0,0
70,2017,1,29,8,1/29/2017 13:00,Android,113987.0,22691,Picture/link,Yes,No,0,1,0,1,0,0
71,2017,1,28,10,1/28/2017 15:42,iPhone,172116.0,33005,Picture/link,No,Yes,0,1,0,1,0,0
72,2017,1,28,8,1/28/2017 13:16,Android,107069.0,16238,No picture/link,No,No,1,1,0,1,0,0
73,2017,1,28,8,1/28/2017 13:08,Android,80715.0,13892,No picture/link,No,No,1,1,0,1,0,0
74,2017,1,28,8,1/28/2017 13:04,Android,111196.0,21106,No picture/link,Yes,No,0,1,0,1,0,0
75,2017,1,27,18,1/27/2017 23:46,iPhone,151203.0,29294,Picture/link,Yes,No,0,3,0,0,0,1
76,2017,1,27,17,1/27/2017 22:00,iPhone,113174.0,19314,Picture/link,Yes,No,0,2,0,0,1,0
77,2017,1,27,15,1/27/2017 20:20,iPhone,58372.0,10838,Picture/link,No,No,1,2,0,0,1,0
78,2017,1,27,11,1/27/2017 16:30,iPhone,89406.0,16282,Picture/link,Yes,Yes,1,1,0,1,0,0
79,2017,1,27,11,1/27/2017 16:27,iPhone,187677.0,46459,No picture/link,Yes,Yes,1,1,0,1,0,0
80,2017,1,27,8,1/27/2017 13:19,Android,162676.0,31205,No picture/link,Yes,No,0,1,0,1,0,0
81,2017,1,27,8,1/27/2017 13:12,Android,90017.0,17646,No picture/link,Yes,No,0,1,0,1,0,0
82,2017,1,26,18,1/26/2017 23:53,iPhone,114415.0,25299,Picture/link,Yes,No,0,3,0,0,0,1
83,2017,1,26,18,1/26/2017 23:45,iPhone,74506.0,10807,No picture/link,Yes,No,0,3,0,0,0,1
84,2017,1,26,14,1/26/2017 19:21,iPhone,73233.0,11423,Picture/link,No,No,1,2,0,0,1,0
85,2017,1,26,8,1/26/2017 13:55,Android,117668.0,28695,No picture/link,No,No,1,1,0,1,0,0
86,2017,1,26,8,1/26/2017 13:51,Android,108735.0,26447,No picture/link,No,No,1,1,0,1,0,0
87,2017,1,26,6,1/26/2017 11:04,Android,130574.0,28529,No picture/link,Yes,No,0,1,0,1,0,0
88,2017,1,25,21,1/26/2017 2:48,Android,54490.0,6586,No picture/link,Yes,No,0,3,0,0,0,1
89,2017,1,25,21,1/26/2017 2:45,Android,45298.0,6508,Picture/link,No,No,1,3,0,0,0,1
90,2017,1,25,21,1/26/2017 2:14,iPhone,154352.0,29463,Picture/link,No,No,1,3,0,0,0,1
91,2017,1,25,17,1/25/2017 22:05,iPhone,76723.0,12637,Picture/link,No,No,1,2,0,0,1,0
92,2017,1,25,7,1/25/2017 12:17,Android,134620.0,22177,No picture/link,Yes,No,0,1,0,1,0,0
93,2017,1,25,7,1/25/2017 12:13,Android,108953.0,19221,No picture/link,Yes,No,0,1,0,1,0,0
94,2017,1,25,7,1/25/2017 12:10,Android,132086.0,26443,No picture/link,No,No,1,1,0,1,0,0
95,2017,1,24,21,1/25/2017 2:37,Android,197791.0,55596,No picture/link,Yes,No,0,3,0,0,0,1
96,2017,1,24,21,1/25/2017 2:25,Android,213321.0,57443,No picture/link,Yes,No,0,3,0,0,0,1
97,2017,1,24,21,1/25/2017 2:16,Android,165513.0,32740,No picture/link,Yes,No,0,3,0,0,0,1
98,2017,1,24,19,1/25/2017 0:46,iPhone,102470.0,18970,Picture/link,No,No,1,3,0,0,0,1
99,2017,1,24,12,1/24/2017 17:49,iPhone,134058.0,26186,Picture/link,No,No,1,2,0,0,1,0
100,2017,1,24,12,1/24/2017 17:04,iPhone,100731.0,16554,Picture/link,Yes,Yes,1,2,0,0,1,0
101,2017,1,24,11,1/24/2017 16:58,iPhone,110967.0,21178,Picture/link,Yes,No,0,1,0,1,0,0
102,2017,1,24,6,1/24/2017 11:11,Android,157229.0,24160,No picture/link,Yes,No,0,1,0,1,0,0
103,2017,1,23,6,1/23/2017 11:38,Android,181518.0,27246,No picture/link,No,No,1,1,0,1,0,0
104,2017,1,22,9,1/22/2017 14:23,Android,396894.0,83594,No picture/link,No,No,1,1,0,1,0,0
105,2017,1,22,7,1/22/2017 12:51,Android,221340.0,41010,No picture/link,Yes,No,0,1,0,1,0,0
106,2017,1,22,7,1/22/2017 12:47,Android,217273.0,47019,No picture/link,Yes,No,0,1,0,1,0,0
107,2017,1,22,7,1/22/2017 12:35,Android,129633.0,17223,No picture/link,Yes,No,0,1,0,1,0,0
108,2017,1,21,6,1/21/2017 11:53,Android,180352.0,23745,No picture/link,Yes,No,0,1,0,1,0,0
109,2017,1,20,23,1/21/2017 4:56,iPhone,294135.0,53540,Picture/link,No,No,1,3,0,0,0,1
110,2017,1,20,13,1/20/2017 18:13,iPhone,93671.0,16900,Picture/link,No,No,1,2,0,0,1,0
111,2017,1,20,13,1/20/2017 18:00,iPhone,87800.0,14298,Picture/link,No,No,1,2,0,0,1,0
112,2017,1,20,12,1/20/2017 17:58,iPhone,59921.0,9344,Picture/link,No,No,1,2,0,0,1,0
113,2017,1,20,12,1/20/2017 17:55,iPhone,163889.0,38930,No picture/link,Yes,Yes,1,2,0,0,1,0
114,2017,1,20,12,1/20/2017 17:54,iPhone,176618.0,38447,No picture/link,Yes,No,0,2,0,0,1,0
115,2017,1,20,12,1/20/2017 17:54,iPhone,150426.0,35901,No picture/link,No,Yes,0,2,0,0,1,0
116,2017,1,20,12,1/20/2017 17:53,iPhone,221871.0,61991,No picture/link,No,No,1,2,0,0,1,0
117,2017,1,20,12,1/20/2017 17:52,iPhone,183171.0,43807,No picture/link,No,No,1,2,0,0,1,0
118,2017,1,20,12,1/20/2017 17:51,iPhone,92660.0,18829,No picture/link,No,Yes,0,2,0,0,1,0
119,2017,1,20,12,1/20/2017 17:51,iPhone,111355.0,20628,No picture/link,No,No,1,2,0,0,1,0
120,2017,1,20,7,1/20/2017 12:31,Android,272729.0,72495,No picture/link,Yes,No,0,1,0,1,0,0
121,2017,1,19,23,1/20/2017 4:24,iPhone,114630.0,21251,Picture/link,No,Yes,0,3,0,0,0,1
122,2017,1,19,19,1/20/2017 0:40,iPhone,168076.0,34851,Picture/link,Yes,No,0,3,0,0,0,1
123,2017,1,19,15,1/19/2017 20:21,iPhone,67194.0,12508,Picture/link,Yes,Yes,1,2,0,0,1,0
124,2017,1,19,15,1/19/2017 20:18,Android,66390.0,8549,No picture/link,Yes,No,0,2,0,0,1,0
125,2017,1,19,15,1/19/2017 20:13,iPhone,57293.0,9074,Picture/link,Yes,Yes,1,2,0,0,1,0
126,2017,1,19,8,1/19/2017 13:02,Android,162513.0,39755,No picture/link,Yes,No,0,1,0,1,0,0
127,2017,1,19,8,1/19/2017 13:00,Android,152523.0,26268,No picture/link,No,No,1,1,0,1,0,0
128,2017,1,19,7,1/19/2017 12:52,Android,126983.0,28211,No picture/link,Yes,No,0,1,0,1,0,0
129,2017,1,18,23,1/19/2017 4:01,iPhone,83635.0,16603,Picture/link,No,No,1,3,0,0,0,1
130,2017,1,18,20,1/19/2017 1:54,iPhone,65668.0,10214,Picture/link,Yes,Yes,1,3,0,0,0,1
131,2017,1,18,12,1/18/2017 17:33,iPhone,109537.0,21565,Picture/link,No,No,1,2,0,0,1,0
132,2017,1,18,9,1/18/2017 14:03,Android,66779.0,11551,No picture/link,Yes,No,0,1,0,1,0,0
133,2017,1,18,8,1/18/2017 13:06,Android,58277.0,10800,No picture/link,Yes,No,0,1,0,1,0,0
134,2017,1,18,8,1/18/2017 13:00,Android,59035.0,12171,No picture/link,No,No,1,1,0,1,0,0
135,2017,1,18,7,1/18/2017 12:44,Android,58783.0,11731,No picture/link,Yes,No,0,1,0,1,0,0
136,2017,1,18,7,1/18/2017 12:34,Android,48926.0,10381,No picture/link,No,No,1,1,0,1,0,0
137,2017,1,18,6,1/18/2017 11:53,Android,38019.0,5729,No picture/link,Yes,No,0,1,0,1,0,0
138,2017,1,17,9,1/17/2017 14:52,Android,65350.0,14262,No picture/link,Yes,No,0,1,0,1,0,0
139,2017,1,17,9,1/17/2017 14:46,Android,68144.0,16545,No picture/link,Yes,No,0,1,0,1,0,0
140,2017,1,17,9,1/17/2017 14:36,Android,57183.0,10622,No picture/link,No,No,1,1,0,1,0,0
141,2017,1,17,9,1/17/2017 14:30,Android,60107.0,11233,No picture/link,No,No,1,1,0,1,0,0
142,2017,1,17,8,1/17/2017 13:11,Android,108732.0,25013,No picture/link,No,No,1,1,0,1,0,0
143,2017,1,17,8,1/17/2017 13:05,Android,122835.0,25492,No picture/link,Yes,No,0,1,0,1,0,0
144,2017,1,16,21,1/17/2017 2:08,Android,47744.0,8329,No picture/link,No,No,1,3,0,0,0,1
145,2017,1,16,20,1/17/2017 1:49,Android,59237.0,11803,No picture/link,Yes,No,0,3,0,0,0,1
146,2017,1,16,20,1/17/2017 1:42,Android,62267.0,12738,No picture/link,Yes,No,0,3,0,0,0,1
147,2017,1,16,8,1/16/2017 13:54,Android,164089.0,38837,No picture/link,Yes,No,0,1,0,1,0,0
148,2017,1,15,19,1/16/2017 0:29,Android,60174.0,14305,No picture/link,Yes,No,0,3,0,0,0,1
149,2017,1,15,19,1/16/2017 0:16,Android,46272.0,11681,No picture/link,No,No,1,3,0,0,0,1
150,2017,1,15,17,1/15/2017 22:46,Android,86470.0,19299,No picture/link,Yes,No,0,2,0,0,1,0
151,2017,1,15,15,1/15/2017 20:13,Android,71772.0,15617,No picture/link,No,No,1,2,0,0,1,0
152,2017,1,15,15,1/15/2017 20:04,Android,71022.0,16429,No picture/link,No,No,1,2,0,0,1,0
153,2017,1,15,14,1/15/2017 19:00,Android,130506.0,30204,No picture/link,Yes,No,0,2,0,0,1,0
154,2017,1,15,9,1/15/2017 14:02,Android,79850.0,15536,No picture/link,Yes,No,0,1,0,1,0,0
155,2017,1,15,8,1/15/2017 13:59,Android,80707.0,16499,No picture/link,No,No,1,1,0,1,0,0
156,2017,1,14,20,1/15/2017 1:58,Android,123712.0,25782,No picture/link,Yes,No,0,3,0,0,0,1
157,2017,1,14,19,1/15/2017 0:22,Android,97355.0,22567,No picture/link,Yes,No,0,3,0,0,0,1
158,2017,1,14,8,1/14/2017 13:14,Android,70012.0,19483,No picture/link,Yes,No,0,1,0,1,0,0
159,2017,1,14,8,1/14/2017 13:07,Android,78569.0,16968,No picture/link,Yes,No,0,1,0,1,0,0
160,2017,1,14,7,1/14/2017 12:50,Android,89870.0,21524,No picture/link,No,No,1,1,0,1,0,0
161,2017,1,13,6,1/13/2017 11:33,Android,132335.0,30771,No picture/link,Yes,No,0,1,0,1,0,0
162,2017,1,13,6,1/13/2017 11:25,Android,68708.0,13733,No picture/link,Yes,No,0,1,0,1,0,0
163,2017,1,13,6,1/13/2017 11:22,Android,59292.0,13030,No picture/link,No,No,1,1,0,1,0,0
164,2017,1,13,6,1/13/2017 11:16,Android,54886.0,12225,No picture/link,Yes,No,0,1,0,1,0,0
165,2017,1,13,6,1/13/2017 11:11,Android,55727.0,12715,No picture/link,Yes,No,0,1,0,1,0,0
166,2017,1,13,6,1/13/2017 11:05,Android,74061.0,17644,No picture/link,No,No,1,1,0,1,0,0
167,2017,1,13,5,1/13/2017 10:49,Android,82489.0,16990,No picture/link,Yes,No,0,0,1,0,0,0
168,2017,1,12,12,1/12/2017 17:41,iPhone,87704.0,19774,No picture/link,Yes,Yes,1,2,0,0,1,0
169,2017,1,12,9,1/12/2017 14:22,Android,130455.0,36202,No picture/link,Yes,No,0,1,0,1,0,0
170,2017,1,12,8,1/12/2017 13:50,Android,94396.0,21916,No picture/link,No,No,1,1,0,1,0,0
171,2017,1,12,7,1/12/2017 12:23,Android,73173.0,17556,No picture/link,Yes,No,0,1,0,1,0,0
172,2017,1,11,23,1/12/2017 4:24,Android,53317.0,9576,No picture/link,Yes,No,0,3,0,0,0,1
173,2017,1,11,23,1/12/2017 4:01,Android,120294.0,28863,No picture/link,No,No,1,3,0,0,0,1
174,2017,1,11,7,1/11/2017 12:48,Android,110330.0,32172,No picture/link,No,No,1,1,0,1,0,0
175,2017,1,11,7,1/11/2017 12:44,Android,117595.0,29361,No picture/link,Yes,No,0,1,0,1,0,0
176,2017,1,11,7,1/11/2017 12:31,Android,87215.0,23749,No picture/link,Yes,No,0,1,0,1,0,0
177,2017,1,11,7,1/11/2017 12:13,Android,67615.0,17905,No picture/link,Yes,No,0,1,0,1,0,0
178,2017,1,10,21,1/11/2017 2:00,iPhone,46380.0,15405,Picture/link,No,Yes,0,3,0,0,0,1
179,2017,1,10,20,1/11/2017 1:19,Android,96415.0,30156,No picture/link,Yes,No,0,3,0,0,0,1
180,2017,1,10,17,1/10/2017 22:30,iPhone,44213.0,10686,Picture/link,No,No,1,2,0,0,1,0
181,2017,1,10,15,1/10/2017 20:50,iPhone,50611.0,12059,Picture/link,No,No,1,2,0,0,1,0
182,2017,1,10,10,1/10/2017 15:26,iPhone,42797.0,11404,Picture/link,No,No,1,1,0,1,0,0
183,2017,1,9,21,1/10/2017 2:20,iPhone,94618.0,23530,Picture/link,Yes,Yes,1,3,0,0,0,1
184,2017,1,9,17,1/9/2017 22:32,iPhone,125750.0,25490,Picture/link,No,No,1,2,0,0,1,0
185,2017,1,9,9,1/9/2017 14:16,Android,111724.0,23981,No picture/link,Yes,No,0,1,0,1,0,0
186,2017,1,9,9,1/9/2017 14:14,Android,102825.0,23877,No picture/link,No,No,1,1,0,1,0,0
187,2017,1,9,6,1/9/2017 11:43,Android,70673.0,16504,No picture/link,Yes,No,0,1,0,1,0,0
188,2017,1,9,6,1/9/2017 11:36,Android,86005.0,21924,No picture/link,No,No,1,1,0,1,0,0
189,2017,1,9,6,1/9/2017 11:27,Android,125854.0,38551,No picture/link,No,No,1,1,0,1,0,0
190,2017,1,9,6,1/9/2017 11:17,Android,38470.0,7439,No picture/link,Yes,No,0,1,0,1,0,0
191,2017,1,8,11,1/8/2017 16:36,Android,29218.0,5507,Picture/link,Yes,No,0,1,0,1,0,0
192,2017,1,7,21,1/8/2017 2:07,Android,87015.0,17700,No picture/link,Yes,No,0,3,0,0,0,1
193,2017,1,7,18,1/7/2017 23:54,Android,66531.0,12387,No picture/link,No,No,1,3,0,0,0,1
194,2017,1,7,10,1/7/2017 15:21,Android,71606.0,16712,No picture/link,Yes,No,0,1,0,1,0,0
195,2017,1,7,10,1/7/2017 15:10,Android,80035.0,19091,No picture/link,No,No,1,1,0,1,0,0
196,2017,1,7,10,1/7/2017 15:02,Android,103173.0,30115,No picture/link,Yes,No,0,1,0,1,0,0
197,2017,1,7,7,1/7/2017 12:03,Android,85798.0,20206,No picture/link,Yes,No,0,1,0,1,0,0
198,2017,1,7,6,1/7/2017 11:56,Android,70529.0,18677,No picture/link,Yes,No,0,1,0,1,0,0
199,2017,1,6,22,1/7/2017 3:53,Android,69194.0,16764,No picture/link,Yes,No,0,3,0,0,0,1
200,2017,1,6,19,1/7/2017 0:07,iPhone,49207.0,7869,Picture/link,Yes,No,0,3,0,0,0,1
201,2017,1,6,11,1/6/2017 16:51,iPhone,94606.0,26427,No picture/link,No,No,1,1,0,1,0,0
202,2017,1,6,9,1/6/2017 14:18,iPhone,35637.0,6595,No picture/link,No,No,1,1,0,1,0,0
203,2017,1,6,7,1/6/2017 12:42,Android,41934.0,9022,No picture/link,No,No,1,1,0,1,0,0
204,2017,1,6,7,1/6/2017 12:34,Android,39824.0,9542,No picture/link,No,No,1,1,0,1,0,0
205,2017,1,6,7,1/6/2017 12:05,Android,67485.0,14703,No picture/link,Yes,No,0,1,0,1,0,0
206,2017,1,6,6,1/6/2017 11:45,Android,42439.0,8436,No picture/link,No,No,1,1,0,1,0,0
207,2017,1,6,6,1/6/2017 11:39,Android,52427.0,10783,No picture/link,No,No,1,1,0,1,0,0
208,2017,1,6,6,1/6/2017 11:19,Android,67262.0,19548,No picture/link,Yes,No,0,1,0,1,0,0
209,2017,1,5,19,1/6/2017 0:40,Android,72486.0,21122,No picture/link,No,No,1,3,0,0,0,1
210,2017,1,5,19,1/6/2017 0:30,Android,58355.0,19107,No picture/link,No,No,1,3,0,0,0,1
211,2017,1,5,19,1/6/2017 0:24,Android,69519.0,21023,No picture/link,Yes,No,0,3,0,0,0,1
212,2017,1,5,13,1/5/2017 18:14,Android,110144.0,33038,No picture/link,Yes,No,0,2,0,0,1,0
213,2017,1,5,8,1/5/2017 13:45,Android,69260.0,15662,No picture/link,Yes,No,0,1,0,1,0,0
214,2017,1,5,8,1/5/2017 13:25,Android,63747.0,16658,No picture/link,No,No,1,1,0,1,0,0
215,2017,1,5,7,1/5/2017 12:06,Android,79715.0,16895,No picture/link,Yes,No,0,1,0,1,0,0
216,2017,1,5,7,1/5/2017 12:01,Android,52748.0,12517,No picture/link,Yes,No,0,1,0,1,0,0
217,2017,1,5,6,1/5/2017 11:57,Android,54399.0,13365,No picture/link,No,No,1,1,0,1,0,0
218,2017,1,4,9,1/4/2017 14:26,Android,55718.0,13856,No picture/link,Yes,No,0,1,0,1,0,0
219,2017,1,4,9,1/4/2017 14:01,Android,47432.0,11439,No picture/link,No,No,1,1,0,1,0,0
220,2017,1,4,8,1/4/2017 13:55,Android,47168.0,11370,No picture/link,No,No,1,1,0,1,0,0
221,2017,1,4,8,1/4/2017 13:31,Android,47580.0,10982,No picture/link,Yes,No,0,1,0,1,0,0
222,2017,1,4,8,1/4/2017 13:27,Android,43547.0,10490,No picture/link,No,No,1,1,0,1,0,0
223,2017,1,4,8,1/4/2017 13:19,Android,88327.0,20026,No picture/link,No,No,1,1,0,1,0,0
224,2017,1,4,8,1/4/2017 13:10,Android,43009.0,15121,Picture/link,No,Yes,0,1,0,1,0,0
225,2017,1,4,7,1/4/2017 12:22,Android,62376.0,18517,No picture/link,Yes,No,0,1,0,1,0,0
226,2017,1,3,20,1/4/2017 1:14,Android,81920.0,23997,No picture/link,Yes,No,0,3,0,0,0,1
227,2017,1,3,18,1/3/2017 23:58,Android,59480.0,14959,No picture/link,No,No,1,3,0,0,0,1
228,2017,1,3,13,1/3/2017 18:44,iPhone,54223.0,14369,Picture/link,No,No,1,2,0,0,1,0
229,2017,1,3,12,1/3/2017 17:20,Android,84463.0,21074,No picture/link,No,No,1,2,0,0,1,0
230,2017,1,3,12,1/3/2017 17:00,iPhone,55696.0,12967,Picture/link,No,No,1,2,0,0,1,0
231,2017,1,3,11,1/3/2017 16:44,iPhone,53945.0,15971,Picture/link,No,No,1,1,0,1,0,0
232,2017,1,3,10,1/3/2017 15:07,Android,43625.0,9745,No picture/link,Yes,Yes,1,1,0,1,0,0
233,2017,1,3,10,1/3/2017 15:03,Android,43892.0,11080,No picture/link,No,No,1,1,0,1,0,0
234,2017,1,3,7,1/3/2017 12:51,Android,54405.0,12870,No picture/link,Yes,No,0,1,0,1,0,0
235,2017,1,3,7,1/3/2017 12:46,Android,59960.0,14774,No picture/link,No,No,1,1,0,1,0,0
236,2017,1,3,7,1/3/2017 12:30,Android,74593.0,19308,No picture/link,Yes,No,0,1,0,1,0,0
237,2017,1,2,18,1/2/2017 23:47,Android,65866.0,17924,No picture/link,Yes,No,0,3,0,0,0,1
238,2017,1,2,18,1/2/2017 23:05,Android,93571.0,26726,No picture/link,Yes,No,0,3,0,0,0,1
239,2017,1,2,13,1/2/2017 18:44,Android,64068.0,13764,No picture/link,No,No,1,2,0,0,1,0
240,2017,1,2,13,1/2/2017 18:37,Android,48270.0,9255,No picture/link,No,No,1,2,0,0,1,0
241,2017,1,2,13,1/2/2017 18:32,Android,14136.0,4030,Picture/link,Yes,No,0,2,0,0,1,0
242,2017,1,2,12,1/2/2017 17:31,Android,64638.0,17800,No picture/link,Yes,No,0,2,0,0,1,0
243,2017,1,2,9,1/2/2017 14:40,Android,126933.0,29933,No picture/link,Yes,No,0,1,0,1,0,0
244,2017,1,1,0,1/1/2017 5:00,iPhone,128219.0,33346,Picture/link,Yes,Yes,1,0,1,0,0,0
245,2016,12,31,13,12/31/2016 18:58,iPhone,55770.0,9553,Picture/link,Yes,No,0,2,0,0,1,0
246,2016,12,31,8,12/31/2016 13:17,Android,352038.0,142836,No picture/link,Yes,No,0,1,0,1,0,0
247,2016,12,30,17,12/30/2016 22:18,Android,84618.0,23322,No picture/link,Yes,No,0,2,0,0,1,0
248,2016,12,30,14,12/30/2016 19:46,iPhone,25365.0,7380,Picture/link,No,No,1,2,0,0,1,0
249,2016,12,30,14,12/30/2016 19:41,Android,96736.0,32731,No picture/link,Yes,No,0,2,0,0,1,0
250,2016,12,29,9,12/29/2016 14:54,iPhone,45773.0,11368,Picture/link,No,No,1,1,0,1,0,0
251,2016,12,28,17,12/28/2016 22:06,iPhone,52033.0,13971,Picture/link,No,No,1,2,0,0,1,0
252,2016,12,28,9,12/28/2016 14:25,Android,118163.0,34718,No picture/link,Yes,No,0,1,0,1,0,0
253,2016,12,28,9,12/28/2016 14:19,Android,107009.0,30381,Picture/link,No,No,1,1,0,1,0,0
254,2016,12,28,9,12/28/2016 14:07,Android,118371.0,31947,No picture/link,Yes,No,0,1,0,1,0,0
255,2016,12,27,22,12/28/2016 3:10,Android,78792.0,19254,No picture/link,Yes,No,0,3,0,0,0,1
256,2016,12,27,16,12/27/2016 21:52,Android,100253.0,23329,No picture/link,Yes,No,0,2,0,0,1,0
257,2016,12,26,22,12/27/2016 3:06,Android,67683.0,15300,No picture/link,Yes,No,0,3,0,0,0,1
258,2016,12,26,21,12/27/2016 2:53,Android,71866.0,17494,No picture/link,Yes,No,0,3,0,0,0,1
259,2016,12,26,18,12/26/2016 23:32,iPhone,128834.0,30266,No picture/link,Yes,No,0,3,0,0,0,1
260,2016,12,26,16,12/26/2016 21:41,Android,78011.0,22211,No picture/link,Yes,No,0,2,0,0,1,0
261,2016,12,26,16,12/26/2016 21:36,Android,91640.0,22355,No picture/link,Yes,No,0,2,0,0,1,0
262,2016,12,25,12,12/25/2016 17:48,Android,213276.0,50551,No picture/link,Yes,No,0,2,0,0,1,0
263,2016,12,25,7,12/25/2016 12:46,iPhone,152185.0,42839,Picture/link,No,Yes,0,1,0,1,0,0
264,2016,12,24,16,12/24/2016 21:44,iPhone,84834.0,22199,Picture/link,No,Yes,0,2,0,0,1,0
265,2016,12,24,16,12/24/2016 21:33,Android,83801.0,19906,No picture/link,Yes,No,0,2,0,0,1,0
266,2016,12,24,15,12/24/2016 20:59,Android,63103.0,16744,No picture/link,Yes,No,0,2,0,0,1,0
267,2016,12,23,19,12/24/2016 0:13,Android,113462.0,31944,No picture/link,Yes,No,0,3,0,0,0,1
268,2016,12,23,16,12/23/2016 21:23,Android,66217.0,18104,No picture/link,Yes,No,0,2,0,0,1,0
269,2016,12,23,16,12/23/2016 21:17,Android,52394.0,18923,No picture/link,No,No,1,2,0,0,1,0
270,2016,12,23,15,12/23/2016 20:14,iPhone,99728.0,34103,No picture/link,No,No,1,2,0,0,1,0
271,2016,12,23,6,12/23/2016 11:58,Android,64794.0,14647,No picture/link,Yes,No,0,1,0,1,0,0
272,2016,12,23,6,12/23/2016 11:53,Android,54421.0,15592,No picture/link,No,No,1,1,0,1,0,0
273,2016,12,22,20,12/23/2016 1:59,Android,120752.0,31586,No picture/link,Yes,No,0,3,0,0,0,1
274,2016,12,22,17,12/22/2016 22:26,Android,62950.0,15039,No picture/link,Yes,No,0,2,0,0,1,0
275,2016,12,22,11,12/22/2016 16:50,Android,73216.0,21375,No picture/link,No,No,1,1,0,1,0,0
276,2016,12,22,11,12/22/2016 16:41,Android,74373.0,19550,No picture/link,No,No,1,1,0,1,0,0
277,2016,12,22,8,12/22/2016 13:37,iPhone,35873.0,10411,Picture/link,No,No,1,1,0,1,0,0
278,2016,12,18,16,12/18/2016 21:54,Android,136058.0,36632,No picture/link,Yes,No,0,2,0,0,1,0
279,2016,12,17,19,12/18/2016 0:59,Android,65895.0,18055,No picture/link,Yes,No,0,3,0,0,0,1
280,2016,12,17,19,12/18/2016 0:12,iPhone,54979.0,13006,Picture/link,Yes,Yes,1,3,0,0,0,1
281,2016,12,17,8,12/17/2016 13:57,iPhone,61132.0,19495,No picture/link,No,No,1,1,0,1,0,0
282,2016,12,17,8,12/17/2016 13:20,Android,40290.0,8239,No picture/link,Yes,No,0,1,0,1,0,0
283,2016,12,17,8,12/17/2016 13:07,Android,35282.0,7111,No picture/link,Yes,Yes,1,1,0,1,0,0
284,2016,12,17,8,12/17/2016 13:05,Android,36105.0,6427,No picture/link,Yes,No,0,1,0,1,0,0
285,2016,12,16,22,12/17/2016 3:52,iPhone,43419.0,11091,Picture/link,Yes,Yes,1,3,0,0,0,1
286,2016,12,16,11,12/16/2016 16:54,iPhone,27853.0,7050,Picture/link,No,Yes,0,1,0,1,0,0
287,2016,12,16,6,12/16/2016 11:09,Android,109715.0,33701,No picture/link,No,No,1,1,0,1,0,0
288,2016,12,15,20,12/16/2016 1:32,iPhone,38248.0,8932,Picture/link,Yes,No,0,3,0,0,0,1
289,2016,12,15,17,12/15/2016 22:27,iPhone,22312.0,5585,Picture/link,Yes,Yes,1,2,0,0,1,0
290,2016,12,15,9,12/15/2016 14:24,iPhone,124558.0,40876,No picture/link,No,No,1,1,0,1,0,0
291,2016,12,15,8,12/15/2016 13:28,Android,61065.0,13834,No picture/link,Yes,No,0,1,0,1,0,0
292,2016,12,15,8,12/15/2016 13:09,Android,57235.0,10774,No picture/link,Yes,No,0,1,0,1,0,0
293,2016,12,15,8,12/15/2016 13:05,Android,37514.0,8948,No picture/link,Yes,No,0,1,0,1,0,0
294,2016,12,13,22,12/14/2016 3:48,iPhone,42777.0,9715,Picture/link,Yes,No,0,3,0,0,0,1
295,2016,12,13,16,12/13/2016 21:33,iPhone,23450.0,6267,Picture/link,Yes,Yes,1,2,0,0,1,0
296,2016,12,13,7,12/13/2016 12:44,Android,59134.0,14706,No picture/link,No,No,1,1,0,1,0,0
297,2016,12,13,6,12/13/2016 11:57,Android,78055.0,18319,No picture/link,Yes,No,0,1,0,1,0,0
298,2016,12,13,6,12/13/2016 11:43,Android,77246.0,23238,No picture/link,No,No,1,1,0,1,0,0
299,2016,12,12,23,12/13/2016 4:41,Android,47402.0,10490,No picture/link,Yes,No,0,3,0,0,0,1
300,2016,12,12,23,12/13/2016 4:32,Android,43117.0,9738,No picture/link,No,No,1,3,0,0,0,1
301,2016,12,12,23,12/13/2016 4:26,Android,56157.0,12137,No picture/link,No,No,1,3,0,0,0,1
302,2016,12,12,19,12/13/2016 0:33,Android,63475.0,16765,No picture/link,No,No,1,3,0,0,0,1
303,2016,12,12,18,12/12/2016 23:40,Android,105422.0,29755,No picture/link,Yes,No,0,3,0,0,0,1
304,2016,12,12,17,12/12/2016 22:25,iPhone,27116.0,7831,Picture/link,No,Yes,0,2,0,0,1,0
305,2016,12,12,8,12/12/2016 13:26,Android,60407.0,16418,No picture/link,No,No,1,1,0,1,0,0
306,2016,12,12,8,12/12/2016 13:21,Android,60269.0,15861,No picture/link,No,No,1,1,0,1,0,0
307,2016,12,12,8,12/12/2016 13:17,Android,108629.0,34400,No picture/link,Yes,No,0,1,0,1,0,0
308,2016,12,11,20,12/12/2016 1:02,Android,72347.0,20013,No picture/link,Yes,No,0,3,0,0,0,1
309,2016,12,11,19,12/12/2016 0:32,Android,27972.0,5404,No picture/link,Yes,No,0,3,0,0,0,1
310,2016,12,11,10,12/11/2016 15:29,Android,52659.0,12352,No picture/link,Yes,No,0,1,0,1,0,0
311,2016,12,11,8,12/11/2016 13:51,Android,51280.0,9888,No picture/link,Yes,No,0,1,0,1,0,0
312,2016,12,11,8,12/11/2016 13:12,Android,79451.0,13150,No picture/link,Yes,No,0,1,0,1,0,0
313,2016,12,11,7,12/11/2016 12:56,Android,30282.0,5646,No picture/link,Yes,No,0,1,0,1,0,0
314,2016,12,10,14,12/10/2016 19:09,iPhone,27798.0,7256,Picture/link,Yes,No,0,2,0,0,1,0
315,2016,12,10,9,12/10/2016 14:14,iPhone,31642.0,12421,Picture/link,No,No,1,1,0,1,0,0
316,2016,12,10,9,12/10/2016 14:11,iPhone,75305.0,25306,No picture/link,Yes,No,0,1,0,1,0,0
317,2016,12,10,7,12/10/2016 12:38,Android,106735.0,18728,No picture/link,Yes,No,0,1,0,1,0,0
318,2016,12,10,6,12/10/2016 11:27,Android,49896.0,11308,No picture/link,Yes,No,0,1,0,1,0,0
319,2016,12,10,6,12/10/2016 11:19,Android,30241.0,7202,No picture/link,No,No,1,1,0,1,0,0
320,2016,12,9,22,12/10/2016 3:30,iPhone,38334.0,9166,Picture/link,Yes,No,0,3,0,0,0,1
321,2016,12,9,17,12/9/2016 22:13,iPhone,36504.0,9075,Picture/link,Yes,No,0,2,0,0,1,0
322,2016,12,9,14,12/9/2016 19:42,iPhone,23105.0,5365,Picture/link,Yes,No,0,2,0,0,1,0
323,2016,12,8,22,12/9/2016 3:02,iPhone,40817.0,9446,Picture/link,Yes,Yes,1,3,0,0,0,1
324,2016,12,8,18,12/8/2016 23:12,iPhone,21087.0,5915,Picture/link,Yes,Yes,1,3,0,0,0,1
325,2016,12,8,17,12/8/2016 22:55,iPhone,21927.0,4088,Picture/link,Yes,Yes,1,2,0,0,1,0
326,2016,12,8,16,12/8/2016 21:15,iPhone,95677.0,20239,No picture/link,No,No,1,2,0,0,1,0
327,2016,12,7,20,12/8/2016 1:56,Android,57504.0,14099,No picture/link,No,No,1,3,0,0,0,1
328,2016,12,7,19,12/8/2016 0:41,Android,50047.0,12860,No picture/link,Yes,No,0,3,0,0,0,1
329,2016,12,7,14,12/7/2016 19:37,iPhone,27369.0,6342,Picture/link,Yes,Yes,1,2,0,0,1,0
330,2016,12,7,13,12/7/2016 18:38,iPhone,77437.0,18625,Picture/link,No,No,1,2,0,0,1,0
331,2016,12,7,7,12/7/2016 12:18,Android,32307.0,5356,No picture/link,Yes,No,0,1,0,1,0,0
332,2016,12,6,22,12/7/2016 3:33,iPhone,36349.0,7681,Picture/link,Yes,Yes,1,3,0,0,0,1
333,2016,12,6,16,12/6/2016 21:17,iPhone,70551.0,14229,Picture/link,Yes,No,0,2,0,0,1,0
334,2016,12,6,11,12/6/2016 16:45,iPhone,26859.0,6548,Picture/link,Yes,Yes,1,1,0,1,0,0
335,2016,12,6,8,12/6/2016 13:52,Android,142149.0,43149,Picture/link,Yes,No,0,1,0,1,0,0
336,2016,12,5,18,12/5/2016 23:06,iPhone,27088.0,8182,Picture/link,No,Yes,0,3,0,0,0,1
337,2016,12,5,8,12/5/2016 13:53,iPhone,107237.0,27263,Picture/link,No,No,1,1,0,1,0,0
338,2016,12,4,17,12/4/2016 22:30,Android,52190.0,14534,No picture/link,Yes,No,0,2,0,0,1,0
339,2016,12,4,17,12/4/2016 22:23,Android,67785.0,20693,No picture/link,No,No,1,2,0,0,1,0
340,2016,12,4,16,12/4/2016 21:47,Android,31503.0,6517,No picture/link,Yes,No,0,2,0,0,1,0
341,2016,12,4,13,12/4/2016 18:58,Android,95796.0,25661,No picture/link,Yes,No,0,2,0,0,1,0
342,2016,12,4,7,12/4/2016 12:23,Android,58437.0,14955,No picture/link,Yes,No,0,1,0,1,0,0
343,2016,12,4,7,12/4/2016 12:21,Android,42382.0,10361,No picture/link,No,No,1,1,0,1,0,0
344,2016,12,4,7,12/4/2016 12:05,Android,40636.0,9696,No picture/link,No,No,1,1,0,1,0,0
345,2016,12,4,6,12/4/2016 11:57,Android,48687.0,12344,No picture/link,Yes,No,0,1,0,1,0,0
346,2016,12,4,6,12/4/2016 11:49,Android,46519.0,12051,No picture/link,No,No,1,1,0,1,0,0
347,2016,12,4,6,12/4/2016 11:41,Android,53615.0,13753,No picture/link,No,No,1,1,0,1,0,0
348,2016,12,4,0,12/4/2016 5:13,Android,115759.0,28107,No picture/link,Yes,No,0,0,1,0,0,0
349,2016,12,3,14,12/3/2016 19:13,iPhone,39488.0,9253,No picture/link,No,No,1,2,0,0,1,0
350,2016,12,3,14,12/3/2016 19:09,iPhone,39201.0,9840,No picture/link,No,No,1,2,0,0,1,0
351,2016,12,3,11,12/3/2016 16:37,Android,38024.0,9373,No picture/link,Yes,Yes,1,1,0,1,0,0
352,2016,12,2,22,12/3/2016 3:06,Android,64660.0,17536,No picture/link,Yes,No,0,3,0,0,0,1
353,2016,12,2,20,12/3/2016 1:41,Android,123442.0,38992,No picture/link,No,No,1,3,0,0,0,1
354,2016,12,2,19,12/3/2016 0:44,Android,111515.0,24824,No picture/link,Yes,No,0,3,0,0,0,1
355,2016,12,1,21,12/2/2016 2:45,iPhone,72425.0,17363,Picture/link,Yes,No,0,3,0,0,0,1
356,2016,12,1,17,12/1/2016 22:52,iPhone,31348.0,5589,Picture/link,Yes,No,0,2,0,0,1,0
357,2016,11,29,6,11/29/2016 11:55,Android,214725.0,73213,No picture/link,Yes,No,0,1,0,1,0,0
358,2016,11,29,6,11/29/2016 11:34,Android,73556.0,19087,No picture/link,Yes,No,0,1,0,1,0,0
359,2016,11,29,6,11/29/2016 11:15,Android,98361.0,21778,No picture/link,Yes,No,0,1,0,1,0,0
360,2016,11,28,22,11/29/2016 3:03,Android,92099.0,25320,No picture/link,No,No,1,3,0,0,0,1
361,2016,11,28,21,11/29/2016 2:21,Android,33822.0,9217,No picture/link,Yes,Yes,1,3,0,0,0,1
362,2016,11,28,21,11/29/2016 2:19,Android,32699.0,7759,No picture/link,Yes,No,0,3,0,0,0,1
363,2016,11,28,21,11/29/2016 2:15,Android,31337.0,7705,No picture/link,Yes,No,0,3,0,0,0,1
364,2016,11,28,21,11/29/2016 2:14,Android,30219.0,7958,No picture/link,Yes,No,0,3,0,0,0,1
365,2016,11,28,9,11/28/2016 14:02,Android,84801.0,24731,No picture/link,No,No,1,1,0,1,0,0
366,2016,11,27,19,11/28/2016 0:31,Android,102098.0,31306,No picture/link,Yes,No,0,3,0,0,0,1
367,2016,11,27,15,11/27/2016 20:41,Android,48659.0,10878,No picture/link,Yes,No,0,2,0,0,1,0
368,2016,11,27,15,11/27/2016 20:34,Android,48526.0,11600,No picture/link,No,No,1,2,0,0,1,0
369,2016,11,27,15,11/27/2016 20:30,Android,163202.0,53772,No picture/link,No,No,1,2,0,0,1,0
370,2016,11,27,8,11/27/2016 13:29,Android,74864.0,17304,No picture/link,Yes,No,0,1,0,1,0,0
371,2016,11,27,8,11/27/2016 13:23,Android,50352.0,12712,No picture/link,No,No,1,1,0,1,0,0
372,2016,11,27,8,11/27/2016 13:18,Android,39419.0,9610,No picture/link,No,No,1,1,0,1,0,0
373,2016,11,27,8,11/27/2016 13:08,Android,38298.0,9129,No picture/link,No,No,1,1,0,1,0,0
374,2016,11,27,8,11/27/2016 13:01,Android,41436.0,10037,No picture/link,No,No,1,1,0,1,0,0
375,2016,11,27,7,11/27/2016 12:55,Android,44515.0,11336,No picture/link,No,No,1,1,0,1,0,0
376,2016,11,27,7,11/27/2016 12:19,Android,97402.0,26922,No picture/link,No,No,1,1,0,1,0,0
377,2016,11,26,22,11/27/2016 3:59,Android,101025.0,31757,No picture/link,Yes,No,0,3,0,0,0,1
378,2016,11,26,19,11/27/2016 0:31,Android,98701.0,32271,No picture/link,No,No,1,3,0,0,0,1
379,2016,11,26,8,11/26/2016 13:08,Android,210686.0,100251,No picture/link,Yes,No,0,1,0,1,0,0
380,2016,11,24,10,11/24/2016 15:11,Android,139605.0,31028,No picture/link,Yes,No,0,1,0,1,0,0
381,2016,11,23,22,11/24/2016 3:30,Android,186403.0,48991,No picture/link,Yes,No,0,3,0,0,0,1
382,2016,11,23,21,11/24/2016 2:17,iPhone,167827.0,48771,Picture/link,No,No,1,3,0,0,0,1
383,2016,11,22,19,11/23/2016 0:24,Android,132963.0,27789,No picture/link,Yes,No,0,3,0,0,0,1
384,2016,11,22,8,11/22/2016 13:39,iPhone,38149.0,10574,Picture/link,No,No,1,1,0,1,0,0
385,2016,11,22,8,11/22/2016 13:38,iPhone,31369.0,8669,Picture/link,No,No,1,1,0,1,0,0
386,2016,11,22,6,11/22/2016 11:46,Android,81223.0,17175,No picture/link,No,No,1,1,0,1,0,0
387,2016,11,22,6,11/22/2016 11:36,Android,50175.0,12034,Picture/link,No,No,1,1,0,1,0,0
388,2016,11,22,6,11/22/2016 11:31,Android,39188.0,9499,No picture/link,Yes,No,0,1,0,1,0,0
389,2016,11,22,6,11/22/2016 11:16,Android,68938.0,17485,No picture/link,No,No,1,1,0,1,0,0
390,2016,11,21,21,11/22/2016 2:22,Android,66731.0,22457,No picture/link,Yes,No,0,3,0,0,0,1
391,2016,11,21,21,11/22/2016 2:14,Android,79921.0,19012,No picture/link,Yes,No,0,3,0,0,0,1
392,2016,11,20,9,11/20/2016 14:05,Android,55975.0,11512,No picture/link,Yes,No,0,1,0,1,0,0
393,2016,11,20,8,11/20/2016 13:39,Android,83037.0,21847,No picture/link,Yes,No,0,1,0,1,0,0
394,2016,11,20,8,11/20/2016 13:26,Android,69335.0,16107,No picture/link,No,No,1,1,0,1,0,0
395,2016,11,20,6,11/20/2016 11:44,Android,68530.0,14049,No picture/link,Yes,No,0,1,0,1,0,0
396,2016,11,20,6,11/20/2016 11:22,Android,105055.0,25686,No picture/link,No,No,1,1,0,1,0,0
397,2016,11,19,8,11/19/2016 13:56,Android,150832.0,44014,No picture/link,Yes,No,0,1,0,1,0,0
398,2016,11,19,8,11/19/2016 13:48,Android,123234.0,34132,No picture/link,Yes,No,0,1,0,1,0,0
399,2016,11,19,8,11/19/2016 13:39,Android,63040.0,13097,No picture/link,Yes,No,0,1,0,1,0,0
400,2016,11,19,8,11/19/2016 13:34,Android,91200.0,16423,No picture/link,No,No,1,1,0,1,0,0
401,2016,11,18,17,11/18/2016 22:35,Android,122162.0,26729,No picture/link,Yes,No,0,2,0,0,1,0
402,2016,11,17,21,11/18/2016 2:15,Android,118333.0,29402,No picture/link,Yes,No,0,3,0,0,0,1
403,2016,11,17,21,11/18/2016 2:01,Android,167051.0,49451,No picture/link,No,No,1,3,0,0,0,1
404,2016,11,17,7,11/17/2016 12:46,Android,96897.0,21299,No picture/link,No,Yes,0,1,0,1,0,0
405,2016,11,16,7,11/16/2016 12:25,Android,90981.0,24245,No picture/link,No,No,1,1,0,1,0,0
406,2016,11,16,7,11/16/2016 12:17,Android,89133.0,25823,No picture/link,No,No,1,1,0,1,0,0
407,2016,11,16,7,11/16/2016 12:12,Android,77855.0,20940,No picture/link,No,No,1,1,0,1,0,0
408,2016,11,16,6,11/16/2016 11:28,Android,100327.0,31267,No picture/link,No,No,1,1,0,1,0,0
409,2016,11,15,21,11/16/2016 2:55,Android,120100.0,27667,No picture/link,Yes,No,0,3,0,0,0,1
410,2016,11,15,8,11/15/2016 13:40,Android,128586.0,39411,No picture/link,Yes,No,0,1,0,1,0,0
411,2016,11,15,8,11/15/2016 13:34,Android,179940.0,50024,No picture/link,No,No,1,1,0,1,0,0
412,2016,11,13,13,11/13/2016 18:46,iPhone,113633.0,23537,No picture/link,Yes,No,0,2,0,0,1,0
413,2016,11,13,11,11/13/2016 16:33,Android,78388.0,16471,No picture/link,Yes,No,0,1,0,1,0,0
414,2016,11,13,11,11/13/2016 16:03,Android,93918.0,29499,No picture/link,Yes,No,0,1,0,1,0,0
415,2016,11,13,10,11/13/2016 15:28,Android,125131.0,22763,No picture/link,Yes,No,0,1,0,1,0,0
416,2016,11,13,10,11/13/2016 15:23,Android,107876.0,18193,No picture/link,Yes,No,0,1,0,1,0,0
417,2016,11,13,9,11/13/2016 14:45,Android,111171.0,15553,No picture/link,Yes,No,0,1,0,1,0,0
418,2016,11,13,9,11/13/2016 14:43,Android,87385.0,22281,No picture/link,No,No,1,1,0,1,0,0
419,2016,11,13,9,11/13/2016 14:16,Android,127724.0,35195,No picture/link,No,No,1,1,0,1,0,0
420,2016,11,12,10,11/12/2016 15:05,Android,202454.0,53907,No picture/link,Yes,No,0,1,0,1,0,0
421,2016,11,11,10,11/11/2016 15:26,iPhone,169489.0,47389,Picture/link,No,Yes,0,1,0,1,0,0
422,2016,11,11,8,11/11/2016 13:33,Android,178821.0,33511,No picture/link,Yes,No,0,1,0,1,0,0
423,2016,11,11,6,11/11/2016 11:14,Android,222469.0,56356,Picture/link,Yes,No,0,1,0,1,0,0
424,2016,11,10,21,11/11/2016 2:19,Android,232368.0,69956,No picture/link,Yes,No,0,3,0,0,0,1
425,2016,11,10,21,11/11/2016 2:10,Android,193302.0,38049,No picture/link,Yes,No,0,3,0,0,0,1
426,2016,11,10,14,11/10/2016 19:31,iPhone,170249.0,45793,Picture/link,Yes,No,0,2,0,0,1,0
427,2016,11,9,6,11/9/2016 11:36,Android,635024.0,222225,No picture/link,Yes,No,0,1,0,1,0,0
428,2016,11,8,21,11/9/2016 2:48,iPhone,191538.0,45570,Picture/link,No,Yes,0,3,0,0,0,1
429,2016,11,8,18,11/8/2016 23:03,iPhone,65919.0,25367,Picture/link,Yes,Yes,1,3,0,0,0,1
430,2016,11,8,16,11/8/2016 21:31,Android,117327.0,36018,No picture/link,Yes,No,0,2,0,0,1,0
431,2016,11,6,20,11/7/2016 1:52,iPhone,39346.0,15757,Picture/link,Yes,Yes,1,3,0,0,0,1
432,2016,11,6,19,11/7/2016 0:09,iPhone,37227.0,15129,Picture/link,Yes,No,0,3,0,0,0,1
433,2016,11,6,18,11/6/2016 23:42,iPhone,25472.0,9598,Picture/link,Yes,Yes,1,3,0,0,0,1
434,2016,11,6,18,11/6/2016 23:08,iPhone,27365.0,10221,Picture/link,No,No,1,3,0,0,0,1
435,2016,11,6,14,11/6/2016 19:26,iPhone,26722.0,9238,Picture/link,Yes,Yes,1,2,0,0,1,0
436,2016,11,6,12,11/6/2016 17:06,iPhone,19496.0,8549,Picture/link,No,No,1,2,0,0,1,0
437,2016,11,6,1,11/6/2016 6:08,iPhone,31989.0,11047,Picture/link,Yes,Yes,1,0,1,0,0,0
438,2016,11,5,21,11/6/2016 2:03,iPhone,47251.0,18736,Picture/link,Yes,Yes,1,3,0,0,0,1
439,2016,11,5,19,11/6/2016 0:20,iPhone,17853.0,4746,Picture/link,Yes,No,0,3,0,0,0,1
440,2016,11,5,19,11/6/2016 0:19,iPhone,18489.0,6943,Picture/link,Yes,No,0,3,0,0,0,1
441,2016,11,5,16,11/5/2016 21:46,iPhone,22139.0,10902,Picture/link,Yes,Yes,1,2,0,0,1,0
442,2016,11,5,16,11/5/2016 21:39,iPhone,16667.0,8159,Picture/link,No,No,1,2,0,0,1,0
443,2016,11,5,16,11/5/2016 21:38,iPhone,21522.0,12683,Picture/link,No,No,1,2,0,0,1,0
444,2016,11,5,16,11/5/2016 21:27,iPhone,21112.0,6793,No picture/link,No,Yes,0,2,0,0,1,0
445,2016,11,5,15,11/5/2016 20:13,iPhone,32309.0,11037,Picture/link,Yes,No,0,2,0,0,1,0
446,2016,11,5,15,11/5/2016 20:06,iPhone,23523.0,8243,Picture/link,Yes,Yes,1,2,0,0,1,0
447,2016,11,5,11,11/5/2016 16:45,iPhone,16575.0,5831,Picture/link,No,No,1,1,0,1,0,0
448,2016,11,5,8,11/5/2016 13:33,Android,115748.0,59430,No picture/link,Yes,No,0,1,0,1,0,0
449,2016,11,4,21,11/5/2016 2:52,iPhone,28423.0,10298,Picture/link,Yes,Yes,1,3,0,0,0,1
450,2016,11,4,18,11/4/2016 23:57,iPhone,16840.0,5467,Picture/link,Yes,No,0,3,0,0,0,1
451,2016,11,4,18,11/4/2016 23:50,iPhone,19786.0,6670,Picture/link,Yes,Yes,1,3,0,0,0,1
452,2016,11,4,18,11/4/2016 23:31,iPhone,65306.0,34012,Picture/link,No,No,1,3,0,0,0,1
453,2016,11,4,18,11/4/2016 23:14,iPhone,25507.0,9618,Picture/link,Yes,No,0,3,0,0,0,1
454,2016,11,4,15,11/4/2016 20:33,iPhone,13689.0,3763,Picture/link,Yes,No,0,2,0,0,1,0
455,2016,11,4,14,11/4/2016 19:07,iPhone,102375.0,41681,No picture/link,Yes,No,0,2,0,0,1,0
456,2016,11,4,13,11/4/2016 18:56,iPhone,26472.0,17349,Picture/link,No,No,1,2,0,0,1,0
457,2016,11,4,13,11/4/2016 18:46,iPhone,20906.0,7492,Picture/link,Yes,No,0,2,0,0,1,0
458,2016,11,4,11,11/4/2016 16:28,iPhone,15989.0,8027,Picture/link,No,No,1,1,0,1,0,0
459,2016,11,4,11,11/4/2016 16:17,iPhone,15047.0,7510,Picture/link,No,Yes,0,1,0,1,0,0
460,2016,11,4,10,11/4/2016 15:32,iPhone,12993.0,4164,Picture/link,No,No,1,1,0,1,0,0
461,2016,11,3,21,11/4/2016 2:35,iPhone,31881.0,11892,Picture/link,Yes,Yes,1,3,0,0,0,1
462,2016,11,3,16,11/3/2016 21:28,iPhone,18671.0,6429,Picture/link,Yes,Yes,1,2,0,0,1,0
463,2016,11,3,15,11/3/2016 20:55,iPhone,36554.0,19954,Picture/link,No,Yes,0,2,0,0,1,0
464,2016,11,3,15,11/3/2016 20:52,iPhone,33250.0,12308,Picture/link,Yes,No,0,2,0,0,1,0
465,2016,11,3,14,11/3/2016 19:25,iPhone,55636.0,16820,Picture/link,No,No,1,2,0,0,1,0
466,2016,11,3,10,11/3/2016 15:19,iPhone,72541.0,27935,No picture/link,Yes,No,0,1,0,1,0,0
467,2016,11,3,7,11/3/2016 12:34,Android,46129.0,15625,No picture/link,Yes,No,0,1,0,1,0,0
468,2016,11,3,7,11/3/2016 12:27,Android,46318.0,12090,No picture/link,Yes,No,0,1,0,1,0,0
469,2016,11,2,22,11/3/2016 3:55,iPhone,29084.0,11040,Picture/link,Yes,Yes,1,3,0,0,0,1
470,2016,11,2,18,11/2/2016 23:34,iPhone,37356.0,17910,Picture/link,No,Yes,0,3,0,0,0,1
471,2016,11,2,16,11/2/2016 21:30,iPhone,45676.0,16571,Picture/link,Yes,No,0,2,0,0,1,0
472,2016,11,2,14,11/2/2016 19:09,iPhone,48355.0,26453,Picture/link,Yes,Yes,1,2,0,0,1,0
473,2016,11,2,13,11/2/2016 18:58,iPhone,19294.0,10031,Picture/link,No,No,1,2,0,0,1,0
474,2016,11,2,13,11/2/2016 18:57,iPhone,21988.0,11196,Picture/link,Yes,Yes,1,2,0,0,1,0
475,2016,11,2,12,11/2/2016 17:15,iPhone,33197.0,12453,Picture/link,Yes,No,0,2,0,0,1,0
476,2016,11,2,9,11/2/2016 14:37,iPhone,87489.0,30369,No picture/link,No,No,1,1,0,1,0,0
477,2016,11,2,8,11/2/2016 13:18,Android,19933.0,7436,Picture/link,No,Yes,0,1,0,1,0,0
478,2016,11,2,8,11/2/2016 13:11,Android,19258.0,7963,Picture/link,Yes,Yes,1,1,0,1,0,0
479,2016,11,2,7,11/2/2016 12:47,Android,48650.0,18651,No picture/link,Yes,No,0,1,0,1,0,0
480,2016,11,2,6,11/2/2016 11:00,Android,51064.0,17412,No picture/link,Yes,No,0,1,0,1,0,0
481,2016,11,2,5,11/2/2016 10:35,Android,58679.0,25505,No picture/link,Yes,No,0,0,1,0,0,0
482,2016,11,1,22,11/2/2016 3:43,iPhone,18908.0,8335,Picture/link,Yes,No,0,3,0,0,0,1
483,2016,11,1,16,11/1/2016 21:57,iPhone,25919.0,14326,Picture/link,Yes,Yes,1,2,0,0,1,0
484,2016,11,1,16,11/1/2016 21:46,iPhone,17100.0,8381,Picture/link,No,No,1,2,0,0,1,0
485,2016,11,1,16,11/1/2016 21:28,iPhone,21718.0,10640,Picture/link,No,No,1,2,0,0,1,0
486,2016,11,1,16,11/1/2016 21:20,iPhone,15988.0,9144,Picture/link,No,No,1,2,0,0,1,0
487,2016,11,1,16,11/1/2016 21:16,iPhone,18734.0,8492,Picture/link,No,No,1,2,0,0,1,0
488,2016,11,1,16,11/1/2016 21:15,iPhone,18863.0,10890,Picture/link,No,No,1,2,0,0,1,0
489,2016,11,1,13,11/1/2016 18:44,iPhone,24224.0,10568,No picture/link,No,No,1,2,0,0,1,0
490,2016,11,1,12,11/1/2016 17:24,iPhone,20749.0,7676,Picture/link,No,Yes,0,2,0,0,1,0
491,2016,11,1,9,11/1/2016 14:14,iPhone,81050.0,32872,No picture/link,Yes,No,0,1,0,1,0,0
492,2016,11,1,8,11/1/2016 13:35,iPhone,17634.0,8795,Picture/link,Yes,No,0,1,0,1,0,0
493,2016,11,1,7,11/1/2016 12:01,Android,59869.0,23863,No picture/link,Yes,No,0,1,0,1,0,0
494,2016,11,1,6,11/1/2016 11:55,Android,39794.0,16545,No picture/link,Yes,No,0,1,0,1,0,0
495,2016,11,1,5,11/1/2016 10:31,Android,55800.0,21538,No picture/link,Yes,No,0,0,1,0,0,0
496,2016,10,31,15,10/31/2016 20:49,iPhone,24506.0,8563,Picture/link,Yes,No,0,2,0,0,1,0
497,2016,10,31,14,10/31/2016 19:08,iPhone,27861.0,16064,Picture/link,No,Yes,0,2,0,0,1,0
498,2016,10,31,14,10/31/2016 19:00,iPhone,23172.0,9457,Picture/link,Yes,Yes,1,2,0,0,1,0
499,2016,10,27,19,10/28/2016 0:14,iPhone,16110.0,6340,Picture/link,No,Yes,0,3,0,0,0,1
500,2016,10,27,17,10/27/2016 22:27,Android,29255.0,14828,No picture/link,Yes,No,0,2,0,0,1,0
501,2016,10,27,17,10/27/2016 22:23,Android,18618.0,5903,No picture/link,Yes,No,0,2,0,0,1,0
502,2016,10,27,17,10/27/2016 22:05,iPhone,29653.0,13749,Picture/link,No,Yes,0,2,0,0,1,0
503,2016,10,27,16,10/27/2016 21:07,iPhone,12983.0,4465,Picture/link,Yes,Yes,1,2,0,0,1,0
504,2016,10,27,16,10/27/2016 21:02,iPhone,13007.0,5060,Picture/link,Yes,Yes,1,2,0,0,1,0
505,2016,10,27,15,10/27/2016 20:27,iPhone,31503.0,15090,Picture/link,No,Yes,0,2,0,0,1,0
506,2016,10,27,14,10/27/2016 19:26,iPhone,17386.0,7320,Picture/link,Yes,Yes,1,2,0,0,1,0
507,2016,10,27,12,10/27/2016 17:45,iPhone,12667.0,4457,Picture/link,Yes,No,0,2,0,0,1,0
508,2016,10,27,9,10/27/2016 14:49,iPhone,21553.0,13185,Picture/link,Yes,Yes,1,1,0,1,0,0
509,2016,10,27,9,10/27/2016 14:44,iPhone,17582.0,7240,Picture/link,Yes,Yes,1,1,0,1,0,0
510,2016,10,27,9,10/27/2016 14:32,iPhone,24670.0,11896,Picture/link,No,Yes,0,1,0,1,0,0
511,2016,10,27,9,10/27/2016 14:12,iPhone,15461.0,9260,Picture/link,No,No,1,1,0,1,0,0
512,2016,10,27,9,10/27/2016 14:10,iPhone,15056.0,8592,Picture/link,No,Yes,0,1,0,1,0,0
513,2016,10,27,9,10/27/2016 14:08,iPhone,23369.0,12532,Picture/link,No,No,1,1,0,1,0,0
514,2016,10,27,8,10/27/2016 13:01,Android,40267.0,19871,No picture/link,No,No,1,1,0,1,0,0
515,2016,10,27,7,10/27/2016 12:17,iPhone,30673.0,14800,Picture/link,No,Yes,0,1,0,1,0,0
516,2016,10,26,20,10/27/2016 1:57,iPhone,25578.0,9918,Picture/link,Yes,No,0,3,0,0,0,1
517,2016,10,26,20,10/27/2016 1:52,iPhone,26470.0,10726,Picture/link,Yes,Yes,1,3,0,0,0,1
518,2016,10,26,13,10/26/2016 18:49,iPhone,17893.0,8278,Picture/link,Yes,No,0,2,0,0,1,0
519,2016,10,26,6,10/26/2016 11:02,Android,54369.0,19931,No picture/link,Yes,No,0,1,0,1,0,0
520,2016,10,25,18,10/25/2016 23:31,iPhone,25427.0,9862,Picture/link,Yes,Yes,1,3,0,0,0,1
521,2016,10,25,17,10/25/2016 22:28,iPhone,24813.0,10192,Picture/link,Yes,Yes,1,2,0,0,1,0
522,2016,10,25,17,10/25/2016 22:01,iPhone,38678.0,16757,No picture/link,Yes,Yes,1,2,0,0,1,0
523,2016,10,25,16,10/25/2016 21:54,iPhone,27553.0,12497,Picture/link,Yes,No,0,2,0,0,1,0
524,2016,10,25,16,10/25/2016 21:36,iPhone,22434.0,8901,Picture/link,Yes,Yes,1,2,0,0,1,0
525,2016,10,25,16,10/25/2016 21:03,iPhone,25751.0,15710,Picture/link,No,Yes,0,2,0,0,1,0
526,2016,10,25,15,10/25/2016 20:43,iPhone,32739.0,13072,No picture/link,Yes,Yes,1,2,0,0,1,0
527,2016,10,25,13,10/25/2016 18:27,iPhone,49151.0,19838,Picture/link,No,Yes,0,2,0,0,1,0
528,2016,10,25,11,10/25/2016 16:20,iPhone,31410.0,17073,Picture/link,Yes,Yes,1,1,0,1,0,0
529,2016,10,25,11,10/25/2016 16:10,iPhone,20952.0,11927,Picture/link,No,Yes,0,1,0,1,0,0
530,2016,10,25,10,10/25/2016 15:22,iPhone,17151.0,7881,Picture/link,Yes,Yes,1,1,0,1,0,0
531,2016,10,25,10,10/25/2016 15:21,iPhone,14560.0,7082,Picture/link,No,Yes,0,1,0,1,0,0
532,2016,10,25,10,10/25/2016 15:20,iPhone,23102.0,12455,Picture/link,No,Yes,0,1,0,1,0,0
533,2016,10,25,9,10/25/2016 14:44,iPhone,27973.0,13047,Picture/link,Yes,No,0,1,0,1,0,0
534,2016,10,25,9,10/25/2016 14:39,iPhone,14335.0,8181,Picture/link,No,No,1,1,0,1,0,0
535,2016,10,25,9,10/25/2016 14:33,iPhone,17600.0,9281,Picture/link,Yes,Yes,1,1,0,1,0,0
536,2016,10,25,9,10/25/2016 14:31,iPhone,15751.0,8370,Picture/link,No,No,1,1,0,1,0,0
537,2016,10,24,20,10/25/2016 1:43,iPhone,34603.0,15350,Picture/link,Yes,Yes,1,3,0,0,0,1
538,2016,10,24,20,10/25/2016 1:27,iPhone,37931.0,15770,Picture/link,Yes,No,0,3,0,0,0,1
539,2016,10,24,19,10/25/2016 0:33,iPhone,40709.0,21643,Picture/link,Yes,Yes,1,3,0,0,0,1
540,2016,10,24,16,10/24/2016 21:52,iPhone,13695.0,6193,Picture/link,No,Yes,0,2,0,0,1,0
541,2016,10,24,16,10/24/2016 21:50,iPhone,29920.0,19537,Picture/link,No,No,1,2,0,0,1,0
542,2016,10,24,16,10/24/2016 21:15,iPhone,13852.0,5933,Picture/link,Yes,No,0,2,0,0,1,0
543,2016,10,24,15,10/24/2016 20:39,iPhone,30078.0,12011,Picture/link,Yes,Yes,1,2,0,0,1,0
544,2016,10,24,14,10/24/2016 19:01,iPhone,13840.0,5402,Picture/link,Yes,Yes,1,2,0,0,1,0
545,2016,10,24,13,10/24/2016 18:30,iPhone,23353.0,10061,Picture/link,Yes,No,0,2,0,0,1,0
546,2016,10,24,11,10/24/2016 16:37,iPhone,18695.0,11490,Picture/link,No,No,1,1,0,1,0,0
547,2016,10,24,11,10/24/2016 16:35,iPhone,20108.0,7673,Picture/link,No,No,1,1,0,1,0,0
548,2016,10,24,11,10/24/2016 16:04,iPhone,16828.0,10200,Picture/link,No,Yes,0,1,0,1,0,0
549,2016,10,24,10,10/24/2016 15:55,iPhone,16200.0,6709,Picture/link,Yes,Yes,1,1,0,1,0,0
550,2016,10,24,9,10/24/2016 14:46,iPhone,31891.0,15048,Picture/link,Yes,Yes,1,1,0,1,0,0
551,2016,10,24,9,10/24/2016 14:17,iPhone,49494.0,22795,No picture/link,Yes,Yes,1,1,0,1,0,0
552,2016,10,24,8,10/24/2016 13:05,iPhone,37415.0,14815,No picture/link,Yes,No,0,1,0,1,0,0
553,2016,10,24,7,10/24/2016 12:44,Android,45016.0,19031,No picture/link,Yes,No,0,1,0,1,0,0
554,2016,10,24,7,10/24/2016 12:00,Android,54465.0,25908,No picture/link,Yes,No,0,1,0,1,0,0
555,2016,10,23,21,10/24/2016 2:25,iPhone,20332.0,12993,Picture/link,No,No,1,3,0,0,0,1
556,2016,10,23,19,10/24/2016 0:07,iPhone,25091.0,17021,Picture/link,No,Yes,0,3,0,0,0,1
557,2016,10,23,19,10/24/2016 0:05,iPhone,26453.0,11094,Picture/link,Yes,Yes,1,3,0,0,0,1
558,2016,10,23,18,10/23/2016 23:40,Android,41307.0,16306,No picture/link,Yes,No,0,3,0,0,0,1
559,2016,10,23,14,10/23/2016 19:08,iPhone,27275.0,16347,Picture/link,No,Yes,0,2,0,0,1,0
560,2016,10,23,12,10/23/2016 17:56,iPhone,17206.0,6357,Picture/link,Yes,No,0,2,0,0,1,0
561,2016,10,23,11,10/23/2016 16:34,iPhone,24156.0,11463,Picture/link,Yes,Yes,1,1,0,1,0,0
562,2016,10,23,11,10/23/2016 16:30,iPhone,22622.0,11937,Picture/link,No,No,1,1,0,1,0,0
563,2016,10,23,11,10/23/2016 16:23,iPhone,20004.0,9209,Picture/link,Yes,No,0,1,0,1,0,0
564,2016,10,21,10,10/21/2016 15:23,iPhone,25169.0,14969,Picture/link,Yes,Yes,1,1,0,1,0,0
565,2016,10,20,17,10/20/2016 22:08,iPhone,24925.0,13459,Picture/link,No,Yes,0,2,0,0,1,0
566,2016,10,20,16,10/20/2016 21:59,iPhone,24263.0,11383,Picture/link,No,Yes,0,2,0,0,1,0
567,2016,10,20,15,10/20/2016 20:30,iPhone,24806.0,12252,Picture/link,Yes,No,0,2,0,0,1,0
568,2016,10,20,15,10/20/2016 20:26,iPhone,23817.0,12537,Picture/link,No,No,1,2,0,0,1,0
569,2016,10,20,15,10/20/2016 20:06,iPhone,26427.0,10755,Picture/link,No,No,1,2,0,0,1,0
570,2016,10,20,14,10/20/2016 19:51,iPhone,13058.0,5744,Picture/link,Yes,No,0,2,0,0,1,0
571,2016,10,20,14,10/20/2016 19:51,iPhone,13345.0,5146,Picture/link,Yes,Yes,1,2,0,0,1,0
572,2016,10,20,13,10/20/2016 18:25,iPhone,29499.0,15285,Picture/link,Yes,Yes,1,2,0,0,1,0
573,2016,10,20,12,10/20/2016 17:33,iPhone,27144.0,11143,Picture/link,Yes,No,0,2,0,0,1,0
574,2016,10,20,10,10/20/2016 15:52,iPhone,38372.0,16350,Picture/link,Yes,No,0,1,0,1,0,0
575,2016,10,20,9,10/20/2016 14:55,Android,50324.0,19550,No picture/link,Yes,No,0,1,0,1,0,0
576,2016,10,20,8,10/20/2016 13:27,iPhone,44162.0,20208,Picture/link,Yes,Yes,1,1,0,1,0,0
577,2016,10,20,2,10/20/2016 7:14,iPhone,45001.0,19253,Picture/link,No,No,1,0,1,0,0,0
578,2016,10,19,23,10/20/2016 4:27,iPhone,35087.0,17661,Picture/link,Yes,No,0,3,0,0,0,1
579,2016,10,19,23,10/20/2016 4:18,iPhone,44700.0,21195,Picture/link,No,Yes,0,3,0,0,0,1
580,2016,10,19,23,10/20/2016 4:10,iPhone,19939.0,9091,Picture/link,Yes,Yes,1,3,0,0,0,1
581,2016,10,19,23,10/20/2016 4:06,iPhone,36359.0,15175,Picture/link,Yes,Yes,1,3,0,0,0,1
582,2016,10,19,21,10/20/2016 2:59,Android,71819.0,22355,No picture/link,Yes,No,0,3,0,0,0,1
583,2016,10,19,21,10/20/2016 2:51,iPhone,12765.0,4606,Picture/link,Yes,Yes,1,3,0,0,0,1
584,2016,10,19,21,10/20/2016 2:47,iPhone,24288.0,10062,Picture/link,No,Yes,0,3,0,0,0,1
585,2016,10,19,21,10/20/2016 2:34,iPhone,15934.0,7270,Picture/link,No,Yes,0,3,0,0,0,1
586,2016,10,19,21,10/20/2016 2:32,iPhone,25124.0,15258,Picture/link,Yes,Yes,1,3,0,0,0,1
587,2016,10,19,21,10/20/2016 2:31,iPhone,16221.0,7802,Picture/link,No,Yes,0,3,0,0,0,1
588,2016,10,19,21,10/20/2016 2:29,iPhone,15498.0,6804,Picture/link,Yes,Yes,1,3,0,0,0,1
589,2016,10,19,21,10/20/2016 2:27,iPhone,14226.0,6504,Picture/link,Yes,Yes,1,3,0,0,0,1
590,2016,10,19,21,10/20/2016 2:21,iPhone,9356.0,4227,Picture/link,No,Yes,0,3,0,0,0,1
591,2016,10,19,21,10/20/2016 2:16,iPhone,21027.0,11546,Picture/link,No,Yes,0,3,0,0,0,1
592,2016,10,19,21,10/20/2016 2:14,iPhone,16360.0,7558,Picture/link,No,Yes,0,3,0,0,0,1
593,2016,10,19,21,10/20/2016 2:11,iPhone,15961.0,7566,Picture/link,Yes,Yes,1,3,0,0,0,1
594,2016,10,19,20,10/20/2016 1:57,iPhone,15700.0,7166,Picture/link,Yes,Yes,1,3,0,0,0,1
595,2016,10,19,20,10/20/2016 1:55,iPhone,16483.0,10783,Picture/link,No,Yes,0,3,0,0,0,1
596,2016,10,19,20,10/20/2016 1:50,iPhone,12140.0,4995,No picture/link,No,Yes,0,3,0,0,0,1
597,2016,10,19,20,10/20/2016 1:49,iPhone,9344.0,4527,Picture/link,No,Yes,0,3,0,0,0,1
598,2016,10,19,20,10/20/2016 1:46,iPhone,12629.0,6280,Picture/link,Yes,Yes,1,3,0,0,0,1
599,2016,10,19,20,10/20/2016 1:44,iPhone,10858.0,6156,Picture/link,No,Yes,0,3,0,0,0,1
600,2016,10,19,20,10/20/2016 1:39,iPhone,12405.0,6951,Picture/link,No,Yes,0,3,0,0,0,1
601,2016,10,19,20,10/20/2016 1:37,iPhone,12425.0,6759,Picture/link,Yes,Yes,1,3,0,0,0,1
602,2016,10,18,13,10/18/2016 18:05,iPhone,18087.0,11346,Picture/link,No,No,1,2,0,0,1,0
603,2016,10,18,10,10/18/2016 15:36,iPhone,38463.0,20270,Picture/link,No,Yes,0,1,0,1,0,0
604,2016,10,18,10,10/18/2016 15:34,iPhone,26887.0,15626,Picture/link,No,Yes,0,1,0,1,0,0
605,2016,10,18,10,10/18/2016 15:33,iPhone,28123.0,13662,Picture/link,No,Yes,0,1,0,1,0,0
606,2016,10,18,6,10/18/2016 11:32,Android,32817.0,13881,Picture/link,No,No,1,1,0,1,0,0
607,2016,10,17,21,10/18/2016 2:07,iPhone,41597.0,16245,Picture/link,No,No,1,3,0,0,0,1
608,2016,10,17,20,10/18/2016 1:43,iPhone,22364.0,11430,Picture/link,No,No,1,3,0,0,0,1
609,2016,10,17,20,10/18/2016 1:42,iPhone,25767.0,15885,Picture/link,No,No,1,3,0,0,0,1
610,2016,10,17,17,10/17/2016 22:51,iPhone,59658.0,38298,Picture/link,Yes,No,0,2,0,0,1,0
611,2016,10,17,17,10/17/2016 22:46,iPhone,19974.0,12031,Picture/link,No,No,1,2,0,0,1,0
612,2016,10,17,17,10/17/2016 22:27,iPhone,30207.0,7971,No picture/link,Yes,No,0,2,0,0,1,0
613,2016,10,17,17,10/17/2016 22:02,iPhone,38984.0,14705,No picture/link,Yes,Yes,1,2,0,0,1,0
614,2016,10,17,16,10/17/2016 21:44,iPhone,16694.0,7728,Picture/link,No,No,1,2,0,0,1,0
615,2016,10,17,16,10/17/2016 21:38,iPhone,13922.0,5496,Picture/link,Yes,Yes,1,2,0,0,1,0
616,2016,10,17,14,10/17/2016 19:31,Android,37323.0,13719,No picture/link,No,No,1,2,0,0,1,0
617,2016,10,17,14,10/17/2016 19:23,iPhone,22418.0,14522,Picture/link,No,No,1,2,0,0,1,0
618,2016,10,17,14,10/17/2016 19:11,iPhone,18727.0,11098,Picture/link,No,No,1,2,0,0,1,0
619,2016,10,17,11,10/17/2016 16:12,Android,37377.0,14173,No picture/link,No,No,1,1,0,1,0,0
620,2016,10,17,10,10/17/2016 15:24,Android,47606.0,20183,No picture/link,Yes,No,0,1,0,1,0,0
621,2016,10,17,10,10/17/2016 15:20,iPhone,26882.0,14730,Picture/link,No,No,1,1,0,1,0,0
622,2016,10,17,9,10/17/2016 14:58,iPhone,25542.0,13783,Picture/link,Yes,No,0,1,0,1,0,0
623,2016,10,17,7,10/17/2016 12:35,Android,48612.0,19104,No picture/link,Yes,No,0,1,0,1,0,0
624,2016,10,17,7,10/17/2016 12:33,Android,36272.0,14110,No picture/link,Yes,No,0,1,0,1,0,0
625,2016,10,17,7,10/17/2016 12:28,Android,19361.0,8266,Picture/link,No,No,1,1,0,1,0,0
626,2016,10,17,7,10/17/2016 12:24,Android,19519.0,10442,Picture/link,Yes,No,0,1,0,1,0,0
627,2016,10,17,7,10/17/2016 12:19,Android,18536.0,11033,Picture/link,No,No,1,1,0,1,0,0
628,2016,10,17,7,10/17/2016 12:15,Android,28524.0,10023,No picture/link,Yes,No,0,1,0,1,0,0
629,2016,10,16,17,10/16/2016 22:34,Android,39331.0,14848,No picture/link,Yes,No,0,2,0,0,1,0
630,2016,10,16,17,10/16/2016 22:29,Android,46172.0,23191,No picture/link,No,No,1,2,0,0,1,0
631,2016,10,16,17,10/16/2016 22:15,Android,33288.0,14624,No picture/link,Yes,No,0,2,0,0,1,0
632,2016,10,16,16,10/16/2016 21:02,Android,38797.0,14746,No picture/link,Yes,No,0,2,0,0,1,0
633,2016,10,16,15,10/16/2016 20:54,Android,30885.0,11089,No picture/link,No,No,1,2,0,0,1,0
634,2016,10,16,15,10/16/2016 20:47,Android,33283.0,12579,No picture/link,Yes,No,0,2,0,0,1,0
635,2016,10,16,15,10/16/2016 20:13,iPhone,16926.0,6916,Picture/link,Yes,No,0,2,0,0,1,0
636,2016,10,16,14,10/16/2016 19:26,iPhone,27456.0,14224,Picture/link,No,No,1,2,0,0,1,0
637,2016,10,16,12,10/16/2016 17:01,Android,57444.0,21796,No picture/link,No,No,1,2,0,0,1,0
638,2016,10,16,11,10/16/2016 16:07,iPhone,35420.0,22040,Picture/link,Yes,No,0,1,0,1,0,0
639,2016,10,16,11,10/16/2016 16:07,iPhone,24741.0,13290,Picture/link,No,No,1,1,0,1,0,0
640,2016,10,16,8,10/16/2016 13:15,iPhone,29773.0,16390,Picture/link,Yes,No,0,1,0,1,0,0
641,2016,10,16,8,10/16/2016 13:12,iPhone,25212.0,13006,Picture/link,Yes,No,0,1,0,1,0,0
642,2016,10,16,7,10/16/2016 12:31,Android,46920.0,19242,No picture/link,Yes,No,0,1,0,1,0,0
643,2016,10,16,6,10/16/2016 11:36,Android,49207.0,17994,No picture/link,Yes,No,0,1,0,1,0,0
644,2016,10,16,6,10/16/2016 11:14,Android,53071.0,18523,No picture/link,Yes,No,0,1,0,1,0,0
645,2016,10,15,19,10/16/2016 0:06,Android,26369.0,9892,No picture/link,Yes,No,0,3,0,0,0,1
646,2016,10,15,19,10/16/2016 0:03,iPhone,21974.0,9531,Picture/link,No,No,1,3,0,0,0,1
647,2016,10,15,19,10/16/2016 0:03,Android,23088.0,8334,No picture/link,Yes,Yes,1,3,0,0,0,1
648,2016,10,15,18,10/15/2016 23:11,iPhone,26972.0,11157,Picture/link,Yes,Yes,1,3,0,0,0,1
649,2016,10,15,17,10/15/2016 22:49,Android,39375.0,16114,No picture/link,Yes,No,0,2,0,0,1,0
650,2016,10,15,13,10/15/2016 18:29,Android,60063.0,20898,No picture/link,Yes,No,0,2,0,0,1,0
651,2016,10,15,13,10/15/2016 18:11,iPhone,32659.0,12956,Picture/link,Yes,No,0,2,0,0,1,0
652,2016,10,10,12,10/10/2016 17:22,Android,81484.0,30330,No picture/link,No,No,1,2,0,0,1,0
653,2016,10,10,12,10/10/2016 17:08,Android,50874.0,11977,Picture/link,Yes,No,0,2,0,0,1,0
654,2016,10,9,22,10/10/2016 3:39,iPhone,56009.0,16271,Picture/link,Yes,Yes,1,3,0,0,0,1
655,2016,10,9,21,10/10/2016 2:31,iPhone,27148.0,11852,Picture/link,Yes,Yes,1,3,0,0,0,1
656,2016,10,9,20,10/10/2016 1:57,iPhone,16570.0,5989,Picture/link,Yes,No,0,3,0,0,0,1
657,2016,10,9,20,10/10/2016 1:48,iPhone,14199.0,7131,Picture/link,Yes,Yes,1,3,0,0,0,1
658,2016,10,9,20,10/10/2016 1:29,iPhone,35536.0,15106,No picture/link,Yes,Yes,1,3,0,0,0,1
659,2016,10,4,20,10/5/2016 1:30,Android,42922.0,10751,No picture/link,Yes,No,0,3,0,0,0,1
660,2016,10,4,20,10/5/2016 1:29,Android,16818.0,4686,No picture/link,Yes,No,0,3,0,0,0,1
661,2016,10,4,20,10/5/2016 1:28,Android,28232.0,8999,No picture/link,No,No,1,3,0,0,0,1
662,2016,10,4,20,10/5/2016 1:26,Android,19540.0,4874,No picture/link,Yes,No,0,3,0,0,0,1
663,2016,10,4,20,10/5/2016 1:22,Android,20314.0,5788,No picture/link,No,Yes,0,3,0,0,0,1
664,2016,10,4,20,10/5/2016 1:16,Android,22365.0,5378,No picture/link,No,Yes,0,3,0,0,0,1
665,2016,10,4,20,10/5/2016 1:15,Android,17312.0,3608,No picture/link,No,No,1,3,0,0,0,1
666,2016,10,4,20,10/5/2016 1:12,Android,20745.0,6505,No picture/link,No,Yes,0,3,0,0,0,1
667,2016,10,4,20,10/5/2016 1:06,iPhone,14124.0,3612,No picture/link,No,No,1,3,0,0,0,1
668,2016,9,26,20,9/27/2016 1:33,iPhone,22519.0,12303,Picture/link,Yes,No,0,3,0,0,0,1
