year,month,day,hour,created,source,favoriteCount,retweetCount,picture,exclamation,hashtag
2017,2,8,20,2/9/2017 1:05,iPhone,81919,17825,Picture/link,Yes,No
2017,2,8,17,2/8/2017 22:07,iPhone,55817,11696,Picture/link,No,No
2017,2,8,16,2/8/2017 21:46,iPhone,51699,13953,Picture/link,No,No
2017,2,8,14,2/8/2017 19:39,iPhone,82429,20705,Picture/link,No,No
2017,2,8,14,2/8/2017 19:22,iPhone,70357,16563,Picture/link,Yes,No
2017,2,8,12,2/8/2017 17:41,Android,67233,14217,No picture/link,Yes,No
2017,2,8,10,2/8/2017 15:54,iPhone,49918,15607,Picture/link,No,No
2017,2,8,10,2/8/2017 15:51,iPhone,112483,22374,No picture/link,Yes,No
2017,2,8,10,2/8/2017 15:23,iPhone,74040,13689,Picture/link,No,No
2017,2,8,8,2/8/2017 13:04,Android,64248,9952,No picture/link,No,No
2017,2,8,7,2/8/2017 12:03,Android,1.00E+05,20167,No picture/link,Yes,No
2017,2,7,20,2/8/2017 1:04,Android,146828,34214,No picture/link,Yes,No
2017,2,7,11,2/7/2017 16:25,iPhone,100975,17460,Picture/link,No,No
2017,2,7,7,2/7/2017 12:11,iPhone,180664,49044,No picture/link,Yes,Yes
2017,2,6,21,2/7/2017 2:49,Android,140939,32018,No picture/link,Yes,No
2017,2,6,21,2/7/2017 2:33,Android,88637,16103,No picture/link,Yes,No
2017,2,6,18,2/6/2017 23:33,iPhone,50648,7814,Picture/link,Yes,No
2017,2,6,11,2/6/2017 16:32,Android,94032,19099,No picture/link,Yes,No
2017,2,6,7,2/6/2017 12:07,Android,123175,23876,No picture/link,Yes,No
2017,2,6,7,2/6/2017 12:01,Android,158747,35674,No picture/link,No,No
2017,2,5,22,2/6/2017 3:36,Android,268502,74686,No picture/link,Yes,No
2017,2,5,17,2/5/2017 22:49,Android,185642,37220,No picture/link,Yes,Yes
2017,2,5,15,2/5/2017 20:42,Android,145364,28252,No picture/link,Yes,No
2017,2,5,15,2/5/2017 20:39,Android,136926,29154,No picture/link,Yes,No
2017,2,4,19,2/5/2017 0:48,Android,129615,28371,No picture/link,Yes,No
2017,2,4,19,2/5/2017 0:34,Android,70579,11456,No picture/link,Yes,No
2017,2,4,18,2/4/2017 23:37,Android,97193,17993,Picture/link,No,No
2017,2,4,16,2/4/2017 21:44,Android,137116,29626,No picture/link,No,No
2017,2,4,15,2/4/2017 20:44,Android,148355,32996,No picture/link,No,No
2017,2,4,9,2/4/2017 14:26,Android,255463,66243,No picture/link,Yes,No
2017,2,4,8,2/4/2017 13:39,Android,103122,17619,No picture/link,Yes,No
2017,2,4,8,2/4/2017 13:12,Android,159987,33761,No picture/link,Yes,No
2017,2,4,8,2/4/2017 13:06,Android,140089,28514,No picture/link,Yes,No
2017,2,4,7,2/4/2017 12:59,Android,175811,38143,No picture/link,Yes,No
2017,2,3,22,2/4/2017 3:07,Android,155013,27176,No picture/link,Yes,No
2017,2,3,18,2/3/2017 23:08,Android,205799,45000,No picture/link,Yes,No
2017,2,3,7,2/3/2017 12:51,Android,165875,42394,No picture/link,No,No
2017,2,3,6,2/3/2017 11:48,Android,174612,43340,No picture/link,Yes,No
2017,2,3,6,2/3/2017 11:41,Android,126517,19545,No picture/link,Yes,No
2017,2,3,6,2/3/2017 11:34,Android,150108,33159,No picture/link,Yes,No
2017,2,3,6,2/3/2017 11:28,Android,174399,64835,No picture/link,Yes,No
2017,2,3,6,2/3/2017 11:24,Android,117204,23547,No picture/link,Yes,No
2017,2,2,12,2/2/2017 17:29,iPhone,126599,26543,Picture/link,Yes,No
2017,2,2,6,2/2/2017 11:39,Android,98320,24545,No picture/link,No,No
2017,2,2,6,2/2/2017 11:34,Android,122466,39996,No picture/link,Yes,No
2017,2,2,6,2/2/2017 11:25,Android,124814,16933,No picture/link,Yes,No
2017,2,2,6,2/2/2017 11:18,Android,116318,16160,No picture/link,Yes,No
2017,2,2,6,2/2/2017 11:13,Android,214925,59610,No picture/link,No,No
2017,2,1,22,2/2/2017 3:55,Android,154204,38046,No picture/link,Yes,No
2017,2,1,22,2/2/2017 3:06,Android,94571,21338,No picture/link,Yes,No
2017,2,1,7,2/1/2017 12:50,Android,255709,61537,No picture/link,Yes,No
2017,1,31,22,2/1/2017 3:45,Android,254624,34888,No picture/link,No,No
2017,1,31,20,2/1/2017 1:01,iPhone,53342,6645,Picture/link,No,No
2017,1,31,19,2/1/2017 0:31,Android,104361,16732,No picture/link,Yes,No
2017,1,31,6,1/31/2017 11:27,Android,181999,39574,No picture/link,Yes,No
2017,1,31,6,1/31/2017 11:21,Android,155069,31741,No picture/link,Yes,No
2017,1,30,19,1/31/2017 0:45,Android,129246,28368,No picture/link,No,No
2017,1,30,16,1/30/2017 21:07,iPhone,179353,35174,Picture/link,No,No
2017,1,30,9,1/30/2017 14:23,iPhone,166027,33269,No picture/link,No,No
2017,1,30,8,1/30/2017 13:43,Android,129066,25502,No picture/link,No,No
2017,1,30,8,1/30/2017 13:31,Android,174399,36082,No picture/link,Yes,No
2017,1,30,7,1/30/2017 12:27,Android,176095,35795,No picture/link,Yes,No
2017,1,30,7,1/30/2017 12:20,Android,136145,24507,No picture/link,Yes,No
2017,1,30,7,1/30/2017 12:16,Android,132906,31579,No picture/link,No,No
2017,1,29,18,1/29/2017 23:39,iPhone,68474,11231,No picture/link,Yes,No
2017,1,29,18,1/29/2017 23:28,iPhone,70112,17254,Picture/link,No,No
2017,1,29,16,1/29/2017 21:49,Android,172876,42826,No picture/link,No,No
2017,1,29,16,1/29/2017 21:45,Android,109234,24234,No picture/link,No,No
2017,1,29,10,1/29/2017 15:03,Android,227372,60209,No picture/link,Yes,No
2017,1,29,8,1/29/2017 13:08,Android,222493,51361,No picture/link,Yes,No
2017,1,29,8,1/29/2017 13:00,Android,113987,22691,Picture/link,Yes,No
2017,1,28,10,1/28/2017 15:42,iPhone,172116,33005,Picture/link,No,Yes
2017,1,28,8,1/28/2017 13:16,Android,107069,16238,No picture/link,No,No
2017,1,28,8,1/28/2017 13:08,Android,80715,13892,No picture/link,No,No
2017,1,28,8,1/28/2017 13:04,Android,111196,21106,No picture/link,Yes,No
2017,1,27,18,1/27/2017 23:46,iPhone,151203,29294,Picture/link,Yes,No
2017,1,27,17,1/27/2017 22:00,iPhone,113174,19314,Picture/link,Yes,No
2017,1,27,15,1/27/2017 20:20,iPhone,58372,10838,Picture/link,No,No
2017,1,27,11,1/27/2017 16:30,iPhone,89406,16282,Picture/link,Yes,Yes
2017,1,27,11,1/27/2017 16:27,iPhone,187677,46459,No picture/link,Yes,Yes
2017,1,27,8,1/27/2017 13:19,Android,162676,31205,No picture/link,Yes,No
2017,1,27,8,1/27/2017 13:12,Android,90017,17646,No picture/link,Yes,No
2017,1,26,18,1/26/2017 23:53,iPhone,114415,25299,Picture/link,Yes,No
2017,1,26,18,1/26/2017 23:45,iPhone,74506,10807,No picture/link,Yes,No
2017,1,26,14,1/26/2017 19:21,iPhone,73233,11423,Picture/link,No,No
2017,1,26,8,1/26/2017 13:55,Android,117668,28695,No picture/link,No,No
2017,1,26,8,1/26/2017 13:51,Android,108735,26447,No picture/link,No,No
2017,1,26,6,1/26/2017 11:04,Android,130574,28529,No picture/link,Yes,No
2017,1,25,21,1/26/2017 2:48,Android,54490,6586,No picture/link,Yes,No
2017,1,25,21,1/26/2017 2:45,Android,45298,6508,Picture/link,No,No
2017,1,25,21,1/26/2017 2:14,iPhone,154352,29463,Picture/link,No,No
2017,1,25,17,1/25/2017 22:05,iPhone,76723,12637,Picture/link,No,No
2017,1,25,7,1/25/2017 12:17,Android,134620,22177,No picture/link,Yes,No
2017,1,25,7,1/25/2017 12:13,Android,108953,19221,No picture/link,Yes,No
2017,1,25,7,1/25/2017 12:10,Android,132086,26443,No picture/link,No,No
2017,1,24,21,1/25/2017 2:37,Android,197791,55596,No picture/link,Yes,No
2017,1,24,21,1/25/2017 2:25,Android,213321,57443,No picture/link,Yes,No
2017,1,24,21,1/25/2017 2:16,Android,165513,32740,No picture/link,Yes,No
2017,1,24,19,1/25/2017 0:46,iPhone,102470,18970,Picture/link,No,No
2017,1,24,12,1/24/2017 17:49,iPhone,134058,26186,Picture/link,No,No
2017,1,24,12,1/24/2017 17:04,iPhone,100731,16554,Picture/link,Yes,Yes
2017,1,24,11,1/24/2017 16:58,iPhone,110967,21178,Picture/link,Yes,No
2017,1,24,6,1/24/2017 11:11,Android,157229,24160,No picture/link,Yes,No
2017,1,23,6,1/23/2017 11:38,Android,181518,27246,No picture/link,No,No
2017,1,22,9,1/22/2017 14:23,Android,396894,83594,No picture/link,No,No
2017,1,22,7,1/22/2017 12:51,Android,221340,41010,No picture/link,Yes,No
2017,1,22,7,1/22/2017 12:47,Android,217273,47019,No picture/link,Yes,No
2017,1,22,7,1/22/2017 12:35,Android,129633,17223,No picture/link,Yes,No
2017,1,21,6,1/21/2017 11:53,Android,180352,23745,No picture/link,Yes,No
2017,1,20,23,1/21/2017 4:56,iPhone,294135,53540,Picture/link,No,No
2017,1,20,13,1/20/2017 18:13,iPhone,93671,16900,Picture/link,No,No
2017,1,20,13,1/20/2017 18:00,iPhone,87800,14298,Picture/link,No,No
2017,1,20,12,1/20/2017 17:58,iPhone,59921,9344,Picture/link,No,No
2017,1,20,12,1/20/2017 17:55,iPhone,163889,38930,No picture/link,Yes,Yes
2017,1,20,12,1/20/2017 17:54,iPhone,176618,38447,No picture/link,Yes,No
2017,1,20,12,1/20/2017 17:54,iPhone,150426,35901,No picture/link,No,Yes
2017,1,20,12,1/20/2017 17:53,iPhone,221871,61991,No picture/link,No,No
2017,1,20,12,1/20/2017 17:52,iPhone,183171,43807,No picture/link,No,No
2017,1,20,12,1/20/2017 17:51,iPhone,92660,18829,No picture/link,No,Yes
2017,1,20,12,1/20/2017 17:51,iPhone,111355,20628,No picture/link,No,No
2017,1,20,7,1/20/2017 12:31,Android,272729,72495,No picture/link,Yes,No
2017,1,19,23,1/20/2017 4:24,iPhone,114630,21251,Picture/link,No,Yes
2017,1,19,19,1/20/2017 0:40,iPhone,168076,34851,Picture/link,Yes,No
2017,1,19,15,1/19/2017 20:21,iPhone,67194,12508,Picture/link,Yes,Yes
2017,1,19,15,1/19/2017 20:18,Android,66390,8549,No picture/link,Yes,No
2017,1,19,15,1/19/2017 20:13,iPhone,57293,9074,Picture/link,Yes,Yes
2017,1,19,8,1/19/2017 13:02,Android,162513,39755,No picture/link,Yes,No
2017,1,19,8,1/19/2017 13:00,Android,152523,26268,No picture/link,No,No
2017,1,19,7,1/19/2017 12:52,Android,126983,28211,No picture/link,Yes,No
2017,1,18,23,1/19/2017 4:01,iPhone,83635,16603,Picture/link,No,No
2017,1,18,20,1/19/2017 1:54,iPhone,65668,10214,Picture/link,Yes,Yes
2017,1,18,12,1/18/2017 17:33,iPhone,109537,21565,Picture/link,No,No
2017,1,18,9,1/18/2017 14:03,Android,66779,11551,No picture/link,Yes,No
2017,1,18,8,1/18/2017 13:06,Android,58277,10800,No picture/link,Yes,No
2017,1,18,8,1/18/2017 13:00,Android,59035,12171,No picture/link,No,No
2017,1,18,7,1/18/2017 12:44,Android,58783,11731,No picture/link,Yes,No
2017,1,18,7,1/18/2017 12:34,Android,48926,10381,No picture/link,No,No
2017,1,18,6,1/18/2017 11:53,Android,38019,5729,No picture/link,Yes,No
2017,1,17,9,1/17/2017 14:52,Android,65350,14262,No picture/link,Yes,No
2017,1,17,9,1/17/2017 14:46,Android,68144,16545,No picture/link,Yes,No
2017,1,17,9,1/17/2017 14:36,Android,57183,10622,No picture/link,No,No
2017,1,17,9,1/17/2017 14:30,Android,60107,11233,No picture/link,No,No
2017,1,17,8,1/17/2017 13:11,Android,108732,25013,No picture/link,No,No
2017,1,17,8,1/17/2017 13:05,Android,122835,25492,No picture/link,Yes,No
2017,1,16,21,1/17/2017 2:08,Android,47744,8329,No picture/link,No,No
2017,1,16,20,1/17/2017 1:49,Android,59237,11803,No picture/link,Yes,No
2017,1,16,20,1/17/2017 1:42,Android,62267,12738,No picture/link,Yes,No
2017,1,16,8,1/16/2017 13:54,Android,164089,38837,No picture/link,Yes,No
2017,1,15,19,1/16/2017 0:29,Android,60174,14305,No picture/link,Yes,No
2017,1,15,19,1/16/2017 0:16,Android,46272,11681,No picture/link,No,No
2017,1,15,17,1/15/2017 22:46,Android,86470,19299,No picture/link,Yes,No
2017,1,15,15,1/15/2017 20:13,Android,71772,15617,No picture/link,No,No
2017,1,15,15,1/15/2017 20:04,Android,71022,16429,No picture/link,No,No
2017,1,15,14,1/15/2017 19:00,Android,130506,30204,No picture/link,Yes,No
2017,1,15,9,1/15/2017 14:02,Android,79850,15536,No picture/link,Yes,No
2017,1,15,8,1/15/2017 13:59,Android,80707,16499,No picture/link,No,No
2017,1,14,20,1/15/2017 1:58,Android,123712,25782,No picture/link,Yes,No
2017,1,14,19,1/15/2017 0:22,Android,97355,22567,No picture/link,Yes,No
2017,1,14,8,1/14/2017 13:14,Android,70012,19483,No picture/link,Yes,No
2017,1,14,8,1/14/2017 13:07,Android,78569,16968,No picture/link,Yes,No
2017,1,14,7,1/14/2017 12:50,Android,89870,21524,No picture/link,No,No
2017,1,13,6,1/13/2017 11:33,Android,132335,30771,No picture/link,Yes,No
2017,1,13,6,1/13/2017 11:25,Android,68708,13733,No picture/link,Yes,No
2017,1,13,6,1/13/2017 11:22,Android,59292,13030,No picture/link,No,No
2017,1,13,6,1/13/2017 11:16,Android,54886,12225,No picture/link,Yes,No
2017,1,13,6,1/13/2017 11:11,Android,55727,12715,No picture/link,Yes,No
2017,1,13,6,1/13/2017 11:05,Android,74061,17644,No picture/link,No,No
2017,1,13,5,1/13/2017 10:49,Android,82489,16990,No picture/link,Yes,No
2017,1,12,12,1/12/2017 17:41,iPhone,87704,19774,No picture/link,Yes,Yes
2017,1,12,9,1/12/2017 14:22,Android,130455,36202,No picture/link,Yes,No
2017,1,12,8,1/12/2017 13:50,Android,94396,21916,No picture/link,No,No
2017,1,12,7,1/12/2017 12:23,Android,73173,17556,No picture/link,Yes,No
2017,1,11,23,1/12/2017 4:24,Android,53317,9576,No picture/link,Yes,No
2017,1,11,23,1/12/2017 4:01,Android,120294,28863,No picture/link,No,No
2017,1,11,7,1/11/2017 12:48,Android,110330,32172,No picture/link,No,No
2017,1,11,7,1/11/2017 12:44,Android,117595,29361,No picture/link,Yes,No
2017,1,11,7,1/11/2017 12:31,Android,87215,23749,No picture/link,Yes,No
2017,1,11,7,1/11/2017 12:13,Android,67615,17905,No picture/link,Yes,No
2017,1,10,21,1/11/2017 2:00,iPhone,46380,15405,Picture/link,No,Yes
2017,1,10,20,1/11/2017 1:19,Android,96415,30156,No picture/link,Yes,No
2017,1,10,17,1/10/2017 22:30,iPhone,44213,10686,Picture/link,No,No
2017,1,10,15,1/10/2017 20:50,iPhone,50611,12059,Picture/link,No,No
2017,1,10,10,1/10/2017 15:26,iPhone,42797,11404,Picture/link,No,No
2017,1,9,21,1/10/2017 2:20,iPhone,94618,23530,Picture/link,Yes,Yes
2017,1,9,17,1/9/2017 22:32,iPhone,125750,25490,Picture/link,No,No
2017,1,9,9,1/9/2017 14:16,Android,111724,23981,No picture/link,Yes,No
2017,1,9,9,1/9/2017 14:14,Android,102825,23877,No picture/link,No,No
2017,1,9,6,1/9/2017 11:43,Android,70673,16504,No picture/link,Yes,No
2017,1,9,6,1/9/2017 11:36,Android,86005,21924,No picture/link,No,No
2017,1,9,6,1/9/2017 11:27,Android,125854,38551,No picture/link,No,No
2017,1,9,6,1/9/2017 11:17,Android,38470,7439,No picture/link,Yes,No
2017,1,8,11,1/8/2017 16:36,Android,29218,5507,Picture/link,Yes,No
2017,1,7,21,1/8/2017 2:07,Android,87015,17700,No picture/link,Yes,No
2017,1,7,18,1/7/2017 23:54,Android,66531,12387,No picture/link,No,No
2017,1,7,10,1/7/2017 15:21,Android,71606,16712,No picture/link,Yes,No
2017,1,7,10,1/7/2017 15:10,Android,80035,19091,No picture/link,No,No
2017,1,7,10,1/7/2017 15:02,Android,103173,30115,No picture/link,Yes,No
2017,1,7,7,1/7/2017 12:03,Android,85798,20206,No picture/link,Yes,No
2017,1,7,6,1/7/2017 11:56,Android,70529,18677,No picture/link,Yes,No
2017,1,6,22,1/7/2017 3:53,Android,69194,16764,No picture/link,Yes,No
2017,1,6,19,1/7/2017 0:07,iPhone,49207,7869,Picture/link,Yes,No
2017,1,6,11,1/6/2017 16:51,iPhone,94606,26427,No picture/link,No,No
2017,1,6,9,1/6/2017 14:18,iPhone,35637,6595,No picture/link,No,No
2017,1,6,7,1/6/2017 12:42,Android,41934,9022,No picture/link,No,No
2017,1,6,7,1/6/2017 12:34,Android,39824,9542,No picture/link,No,No
2017,1,6,7,1/6/2017 12:05,Android,67485,14703,No picture/link,Yes,No
2017,1,6,6,1/6/2017 11:45,Android,42439,8436,No picture/link,No,No
2017,1,6,6,1/6/2017 11:39,Android,52427,10783,No picture/link,No,No
2017,1,6,6,1/6/2017 11:19,Android,67262,19548,No picture/link,Yes,No
2017,1,5,19,1/6/2017 0:40,Android,72486,21122,No picture/link,No,No
2017,1,5,19,1/6/2017 0:30,Android,58355,19107,No picture/link,No,No
2017,1,5,19,1/6/2017 0:24,Android,69519,21023,No picture/link,Yes,No
2017,1,5,13,1/5/2017 18:14,Android,110144,33038,No picture/link,Yes,No
2017,1,5,8,1/5/2017 13:45,Android,69260,15662,No picture/link,Yes,No
2017,1,5,8,1/5/2017 13:25,Android,63747,16658,No picture/link,No,No
2017,1,5,7,1/5/2017 12:06,Android,79715,16895,No picture/link,Yes,No
2017,1,5,7,1/5/2017 12:01,Android,52748,12517,No picture/link,Yes,No
2017,1,5,6,1/5/2017 11:57,Android,54399,13365,No picture/link,No,No
2017,1,4,9,1/4/2017 14:26,Android,55718,13856,No picture/link,Yes,No
2017,1,4,9,1/4/2017 14:01,Android,47432,11439,No picture/link,No,No
2017,1,4,8,1/4/2017 13:55,Android,47168,11370,No picture/link,No,No
2017,1,4,8,1/4/2017 13:31,Android,47580,10982,No picture/link,Yes,No
2017,1,4,8,1/4/2017 13:27,Android,43547,10490,No picture/link,No,No
2017,1,4,8,1/4/2017 13:19,Android,88327,20026,No picture/link,No,No
2017,1,4,8,1/4/2017 13:10,Android,43009,15121,Picture/link,No,Yes
2017,1,4,7,1/4/2017 12:22,Android,62376,18517,No picture/link,Yes,No
2017,1,3,20,1/4/2017 1:14,Android,81920,23997,No picture/link,Yes,No
2017,1,3,18,1/3/2017 23:58,Android,59480,14959,No picture/link,No,No
2017,1,3,13,1/3/2017 18:44,iPhone,54223,14369,Picture/link,No,No
2017,1,3,12,1/3/2017 17:20,Android,84463,21074,No picture/link,No,No
2017,1,3,12,1/3/2017 17:00,iPhone,55696,12967,Picture/link,No,No
2017,1,3,11,1/3/2017 16:44,iPhone,53945,15971,Picture/link,No,No
2017,1,3,10,1/3/2017 15:07,Android,43625,9745,No picture/link,Yes,Yes
2017,1,3,10,1/3/2017 15:03,Android,43892,11080,No picture/link,No,No
2017,1,3,7,1/3/2017 12:51,Android,54405,12870,No picture/link,Yes,No
2017,1,3,7,1/3/2017 12:46,Android,59960,14774,No picture/link,No,No
2017,1,3,7,1/3/2017 12:30,Android,74593,19308,No picture/link,Yes,No
2017,1,2,18,1/2/2017 23:47,Android,65866,17924,No picture/link,Yes,No
2017,1,2,18,1/2/2017 23:05,Android,93571,26726,No picture/link,Yes,No
2017,1,2,13,1/2/2017 18:44,Android,64068,13764,No picture/link,No,No
2017,1,2,13,1/2/2017 18:37,Android,48270,9255,No picture/link,No,No
2017,1,2,13,1/2/2017 18:32,Android,14136,4030,Picture/link,Yes,No
2017,1,2,12,1/2/2017 17:31,Android,64638,17800,No picture/link,Yes,No
2017,1,2,9,1/2/2017 14:40,Android,126933,29933,No picture/link,Yes,No
2017,1,1,0,1/1/2017 5:00,iPhone,128219,33346,Picture/link,Yes,Yes
2016,12,31,13,12/31/2016 18:58,iPhone,55770,9553,Picture/link,Yes,No
2016,12,31,8,12/31/2016 13:17,Android,352038,142836,No picture/link,Yes,No
2016,12,30,17,12/30/2016 22:18,Android,84618,23322,No picture/link,Yes,No
2016,12,30,14,12/30/2016 19:46,iPhone,25365,7380,Picture/link,No,No
2016,12,30,14,12/30/2016 19:41,Android,96736,32731,No picture/link,Yes,No
2016,12,29,9,12/29/2016 14:54,iPhone,45773,11368,Picture/link,No,No
2016,12,28,17,12/28/2016 22:06,iPhone,52033,13971,Picture/link,No,No
2016,12,28,9,12/28/2016 14:25,Android,118163,34718,No picture/link,Yes,No
2016,12,28,9,12/28/2016 14:19,Android,107009,30381,Picture/link,No,No
2016,12,28,9,12/28/2016 14:07,Android,118371,31947,No picture/link,Yes,No
2016,12,27,22,12/28/2016 3:10,Android,78792,19254,No picture/link,Yes,No
2016,12,27,16,12/27/2016 21:52,Android,100253,23329,No picture/link,Yes,No
2016,12,26,22,12/27/2016 3:06,Android,67683,15300,No picture/link,Yes,No
2016,12,26,21,12/27/2016 2:53,Android,71866,17494,No picture/link,Yes,No
2016,12,26,18,12/26/2016 23:32,iPhone,128834,30266,No picture/link,Yes,No
2016,12,26,16,12/26/2016 21:41,Android,78011,22211,No picture/link,Yes,No
2016,12,26,16,12/26/2016 21:36,Android,91640,22355,No picture/link,Yes,No
2016,12,25,12,12/25/2016 17:48,Android,213276,50551,No picture/link,Yes,No
2016,12,25,7,12/25/2016 12:46,iPhone,152185,42839,Picture/link,No,Yes
2016,12,24,16,12/24/2016 21:44,iPhone,84834,22199,Picture/link,No,Yes
2016,12,24,16,12/24/2016 21:33,Android,83801,19906,No picture/link,Yes,No
2016,12,24,15,12/24/2016 20:59,Android,63103,16744,No picture/link,Yes,No
2016,12,23,19,12/24/2016 0:13,Android,113462,31944,No picture/link,Yes,No
2016,12,23,16,12/23/2016 21:23,Android,66217,18104,No picture/link,Yes,No
2016,12,23,16,12/23/2016 21:17,Android,52394,18923,No picture/link,No,No
2016,12,23,15,12/23/2016 20:14,iPhone,99728,34103,No picture/link,No,No
2016,12,23,6,12/23/2016 11:58,Android,64794,14647,No picture/link,Yes,No
2016,12,23,6,12/23/2016 11:53,Android,54421,15592,No picture/link,No,No
2016,12,22,20,12/23/2016 1:59,Android,120752,31586,No picture/link,Yes,No
2016,12,22,17,12/22/2016 22:26,Android,62950,15039,No picture/link,Yes,No
2016,12,22,11,12/22/2016 16:50,Android,73216,21375,No picture/link,No,No
2016,12,22,11,12/22/2016 16:41,Android,74373,19550,No picture/link,No,No
2016,12,22,8,12/22/2016 13:37,iPhone,35873,10411,Picture/link,No,No
2016,12,18,16,12/18/2016 21:54,Android,136058,36632,No picture/link,Yes,No
2016,12,17,19,12/18/2016 0:59,Android,65895,18055,No picture/link,Yes,No
2016,12,17,19,12/18/2016 0:12,iPhone,54979,13006,Picture/link,Yes,Yes
2016,12,17,8,12/17/2016 13:57,iPhone,61132,19495,No picture/link,No,No
2016,12,17,8,12/17/2016 13:20,Android,40290,8239,No picture/link,Yes,No
2016,12,17,8,12/17/2016 13:07,Android,35282,7111,No picture/link,Yes,Yes
2016,12,17,8,12/17/2016 13:05,Android,36105,6427,No picture/link,Yes,No
2016,12,16,22,12/17/2016 3:52,iPhone,43419,11091,Picture/link,Yes,Yes
2016,12,16,11,12/16/2016 16:54,iPhone,27853,7050,Picture/link,No,Yes
2016,12,16,6,12/16/2016 11:09,Android,109715,33701,No picture/link,No,No
2016,12,15,20,12/16/2016 1:32,iPhone,38248,8932,Picture/link,Yes,No
2016,12,15,17,12/15/2016 22:27,iPhone,22312,5585,Picture/link,Yes,Yes
2016,12,15,9,12/15/2016 14:24,iPhone,124558,40876,No picture/link,No,No
2016,12,15,8,12/15/2016 13:28,Android,61065,13834,No picture/link,Yes,No
2016,12,15,8,12/15/2016 13:09,Android,57235,10774,No picture/link,Yes,No
2016,12,15,8,12/15/2016 13:05,Android,37514,8948,No picture/link,Yes,No
2016,12,13,22,12/14/2016 3:48,iPhone,42777,9715,Picture/link,Yes,No
2016,12,13,16,12/13/2016 21:33,iPhone,23450,6267,Picture/link,Yes,Yes
2016,12,13,7,12/13/2016 12:44,Android,59134,14706,No picture/link,No,No
2016,12,13,6,12/13/2016 11:57,Android,78055,18319,No picture/link,Yes,No
2016,12,13,6,12/13/2016 11:43,Android,77246,23238,No picture/link,No,No
2016,12,12,23,12/13/2016 4:41,Android,47402,10490,No picture/link,Yes,No
2016,12,12,23,12/13/2016 4:32,Android,43117,9738,No picture/link,No,No
2016,12,12,23,12/13/2016 4:26,Android,56157,12137,No picture/link,No,No
2016,12,12,19,12/13/2016 0:33,Android,63475,16765,No picture/link,No,No
2016,12,12,18,12/12/2016 23:40,Android,105422,29755,No picture/link,Yes,No
2016,12,12,17,12/12/2016 22:25,iPhone,27116,7831,Picture/link,No,Yes
2016,12,12,8,12/12/2016 13:26,Android,60407,16418,No picture/link,No,No
2016,12,12,8,12/12/2016 13:21,Android,60269,15861,No picture/link,No,No
2016,12,12,8,12/12/2016 13:17,Android,108629,34400,No picture/link,Yes,No
2016,12,11,20,12/12/2016 1:02,Android,72347,20013,No picture/link,Yes,No
2016,12,11,19,12/12/2016 0:32,Android,27972,5404,No picture/link,Yes,No
2016,12,11,10,12/11/2016 15:29,Android,52659,12352,No picture/link,Yes,No
2016,12,11,8,12/11/2016 13:51,Android,51280,9888,No picture/link,Yes,No
2016,12,11,8,12/11/2016 13:12,Android,79451,13150,No picture/link,Yes,No
2016,12,11,7,12/11/2016 12:56,Android,30282,5646,No picture/link,Yes,No
2016,12,10,14,12/10/2016 19:09,iPhone,27798,7256,Picture/link,Yes,No
2016,12,10,9,12/10/2016 14:14,iPhone,31642,12421,Picture/link,No,No
2016,12,10,9,12/10/2016 14:11,iPhone,75305,25306,No picture/link,Yes,No
2016,12,10,7,12/10/2016 12:38,Android,106735,18728,No picture/link,Yes,No
2016,12,10,6,12/10/2016 11:27,Android,49896,11308,No picture/link,Yes,No
2016,12,10,6,12/10/2016 11:19,Android,30241,7202,No picture/link,No,No
2016,12,9,22,12/10/2016 3:30,iPhone,38334,9166,Picture/link,Yes,No
2016,12,9,17,12/9/2016 22:13,iPhone,36504,9075,Picture/link,Yes,No
2016,12,9,14,12/9/2016 19:42,iPhone,23105,5365,Picture/link,Yes,No
2016,12,8,22,12/9/2016 3:02,iPhone,40817,9446,Picture/link,Yes,Yes
2016,12,8,18,12/8/2016 23:12,iPhone,21087,5915,Picture/link,Yes,Yes
2016,12,8,17,12/8/2016 22:55,iPhone,21927,4088,Picture/link,Yes,Yes
2016,12,8,16,12/8/2016 21:15,iPhone,95677,20239,No picture/link,No,No
2016,12,7,20,12/8/2016 1:56,Android,57504,14099,No picture/link,No,No
2016,12,7,19,12/8/2016 0:41,Android,50047,12860,No picture/link,Yes,No
2016,12,7,14,12/7/2016 19:37,iPhone,27369,6342,Picture/link,Yes,Yes
2016,12,7,13,12/7/2016 18:38,iPhone,77437,18625,Picture/link,No,No
2016,12,7,7,12/7/2016 12:18,Android,32307,5356,No picture/link,Yes,No
2016,12,6,22,12/7/2016 3:33,iPhone,36349,7681,Picture/link,Yes,Yes
2016,12,6,16,12/6/2016 21:17,iPhone,70551,14229,Picture/link,Yes,No
2016,12,6,11,12/6/2016 16:45,iPhone,26859,6548,Picture/link,Yes,Yes
2016,12,6,8,12/6/2016 13:52,Android,142149,43149,Picture/link,Yes,No
2016,12,5,18,12/5/2016 23:06,iPhone,27088,8182,Picture/link,No,Yes
2016,12,5,8,12/5/2016 13:53,iPhone,107237,27263,Picture/link,No,No
2016,12,4,17,12/4/2016 22:30,Android,52190,14534,No picture/link,Yes,No
2016,12,4,17,12/4/2016 22:23,Android,67785,20693,No picture/link,No,No
2016,12,4,16,12/4/2016 21:47,Android,31503,6517,No picture/link,Yes,No
2016,12,4,13,12/4/2016 18:58,Android,95796,25661,No picture/link,Yes,No
2016,12,4,7,12/4/2016 12:23,Android,58437,14955,No picture/link,Yes,No
2016,12,4,7,12/4/2016 12:21,Android,42382,10361,No picture/link,No,No
2016,12,4,7,12/4/2016 12:05,Android,40636,9696,No picture/link,No,No
2016,12,4,6,12/4/2016 11:57,Android,48687,12344,No picture/link,Yes,No
2016,12,4,6,12/4/2016 11:49,Android,46519,12051,No picture/link,No,No
2016,12,4,6,12/4/2016 11:41,Android,53615,13753,No picture/link,No,No
2016,12,4,0,12/4/2016 5:13,Android,115759,28107,No picture/link,Yes,No
2016,12,3,14,12/3/2016 19:13,iPhone,39488,9253,No picture/link,No,No
2016,12,3,14,12/3/2016 19:09,iPhone,39201,9840,No picture/link,No,No
2016,12,3,11,12/3/2016 16:37,Android,38024,9373,No picture/link,Yes,Yes
2016,12,2,22,12/3/2016 3:06,Android,64660,17536,No picture/link,Yes,No
2016,12,2,20,12/3/2016 1:41,Android,123442,38992,No picture/link,No,No
2016,12,2,19,12/3/2016 0:44,Android,111515,24824,No picture/link,Yes,No
2016,12,1,21,12/2/2016 2:45,iPhone,72425,17363,Picture/link,Yes,No
2016,12,1,17,12/1/2016 22:52,iPhone,31348,5589,Picture/link,Yes,No
2016,11,29,6,11/29/2016 11:55,Android,214725,73213,No picture/link,Yes,No
2016,11,29,6,11/29/2016 11:34,Android,73556,19087,No picture/link,Yes,No
2016,11,29,6,11/29/2016 11:15,Android,98361,21778,No picture/link,Yes,No
2016,11,28,22,11/29/2016 3:03,Android,92099,25320,No picture/link,No,No
2016,11,28,21,11/29/2016 2:21,Android,33822,9217,No picture/link,Yes,Yes
2016,11,28,21,11/29/2016 2:19,Android,32699,7759,No picture/link,Yes,No
2016,11,28,21,11/29/2016 2:15,Android,31337,7705,No picture/link,Yes,No
2016,11,28,21,11/29/2016 2:14,Android,30219,7958,No picture/link,Yes,No
2016,11,28,9,11/28/2016 14:02,Android,84801,24731,No picture/link,No,No
2016,11,27,19,11/28/2016 0:31,Android,102098,31306,No picture/link,Yes,No
2016,11,27,15,11/27/2016 20:41,Android,48659,10878,No picture/link,Yes,No
2016,11,27,15,11/27/2016 20:34,Android,48526,11600,No picture/link,No,No
2016,11,27,15,11/27/2016 20:30,Android,163202,53772,No picture/link,No,No
2016,11,27,8,11/27/2016 13:29,Android,74864,17304,No picture/link,Yes,No
2016,11,27,8,11/27/2016 13:23,Android,50352,12712,No picture/link,No,No
2016,11,27,8,11/27/2016 13:18,Android,39419,9610,No picture/link,No,No
2016,11,27,8,11/27/2016 13:08,Android,38298,9129,No picture/link,No,No
2016,11,27,8,11/27/2016 13:01,Android,41436,10037,No picture/link,No,No
2016,11,27,7,11/27/2016 12:55,Android,44515,11336,No picture/link,No,No
2016,11,27,7,11/27/2016 12:19,Android,97402,26922,No picture/link,No,No
2016,11,26,22,11/27/2016 3:59,Android,101025,31757,No picture/link,Yes,No
2016,11,26,19,11/27/2016 0:31,Android,98701,32271,No picture/link,No,No
2016,11,26,8,11/26/2016 13:08,Android,210686,100251,No picture/link,Yes,No
2016,11,24,10,11/24/2016 15:11,Android,139605,31028,No picture/link,Yes,No
2016,11,23,22,11/24/2016 3:30,Android,186403,48991,No picture/link,Yes,No
2016,11,23,21,11/24/2016 2:17,iPhone,167827,48771,Picture/link,No,No
2016,11,22,19,11/23/2016 0:24,Android,132963,27789,No picture/link,Yes,No
2016,11,22,8,11/22/2016 13:39,iPhone,38149,10574,Picture/link,No,No
2016,11,22,8,11/22/2016 13:38,iPhone,31369,8669,Picture/link,No,No
2016,11,22,6,11/22/2016 11:46,Android,81223,17175,No picture/link,No,No
2016,11,22,6,11/22/2016 11:36,Android,50175,12034,Picture/link,No,No
2016,11,22,6,11/22/2016 11:31,Android,39188,9499,No picture/link,Yes,No
2016,11,22,6,11/22/2016 11:16,Android,68938,17485,No picture/link,No,No
2016,11,21,21,11/22/2016 2:22,Android,66731,22457,No picture/link,Yes,No
2016,11,21,21,11/22/2016 2:14,Android,79921,19012,No picture/link,Yes,No
2016,11,20,9,11/20/2016 14:05,Android,55975,11512,No picture/link,Yes,No
2016,11,20,8,11/20/2016 13:39,Android,83037,21847,No picture/link,Yes,No
2016,11,20,8,11/20/2016 13:26,Android,69335,16107,No picture/link,No,No
2016,11,20,6,11/20/2016 11:44,Android,68530,14049,No picture/link,Yes,No
2016,11,20,6,11/20/2016 11:22,Android,105055,25686,No picture/link,No,No
2016,11,19,8,11/19/2016 13:56,Android,150832,44014,No picture/link,Yes,No
2016,11,19,8,11/19/2016 13:48,Android,123234,34132,No picture/link,Yes,No
2016,11,19,8,11/19/2016 13:39,Android,63040,13097,No picture/link,Yes,No
2016,11,19,8,11/19/2016 13:34,Android,91200,16423,No picture/link,No,No
2016,11,18,17,11/18/2016 22:35,Android,122162,26729,No picture/link,Yes,No
2016,11,17,21,11/18/2016 2:15,Android,118333,29402,No picture/link,Yes,No
2016,11,17,21,11/18/2016 2:01,Android,167051,49451,No picture/link,No,No
2016,11,17,7,11/17/2016 12:46,Android,96897,21299,No picture/link,No,Yes
2016,11,16,7,11/16/2016 12:25,Android,90981,24245,No picture/link,No,No
2016,11,16,7,11/16/2016 12:17,Android,89133,25823,No picture/link,No,No
2016,11,16,7,11/16/2016 12:12,Android,77855,20940,No picture/link,No,No
2016,11,16,6,11/16/2016 11:28,Android,100327,31267,No picture/link,No,No
2016,11,15,21,11/16/2016 2:55,Android,120100,27667,No picture/link,Yes,No
2016,11,15,8,11/15/2016 13:40,Android,128586,39411,No picture/link,Yes,No
2016,11,15,8,11/15/2016 13:34,Android,179940,50024,No picture/link,No,No
2016,11,13,13,11/13/2016 18:46,iPhone,113633,23537,No picture/link,Yes,No
2016,11,13,11,11/13/2016 16:33,Android,78388,16471,No picture/link,Yes,No
2016,11,13,11,11/13/2016 16:03,Android,93918,29499,No picture/link,Yes,No
2016,11,13,10,11/13/2016 15:28,Android,125131,22763,No picture/link,Yes,No
2016,11,13,10,11/13/2016 15:23,Android,107876,18193,No picture/link,Yes,No
2016,11,13,9,11/13/2016 14:45,Android,111171,15553,No picture/link,Yes,No
2016,11,13,9,11/13/2016 14:43,Android,87385,22281,No picture/link,No,No
2016,11,13,9,11/13/2016 14:16,Android,127724,35195,No picture/link,No,No
2016,11,12,10,11/12/2016 15:05,Android,202454,53907,No picture/link,Yes,No
2016,11,11,10,11/11/2016 15:26,iPhone,169489,47389,Picture/link,No,Yes
2016,11,11,8,11/11/2016 13:33,Android,178821,33511,No picture/link,Yes,No
2016,11,11,6,11/11/2016 11:14,Android,222469,56356,Picture/link,Yes,No
2016,11,10,21,11/11/2016 2:19,Android,232368,69956,No picture/link,Yes,No
2016,11,10,21,11/11/2016 2:10,Android,193302,38049,No picture/link,Yes,No
2016,11,10,14,11/10/2016 19:31,iPhone,170249,45793,Picture/link,Yes,No
2016,11,9,6,11/9/2016 11:36,Android,635024,222225,No picture/link,Yes,No
2016,11,8,21,11/9/2016 2:48,iPhone,191538,45570,Picture/link,No,Yes
2016,11,8,18,11/8/2016 23:03,iPhone,65919,25367,Picture/link,Yes,Yes
2016,11,8,16,11/8/2016 21:31,Android,117327,36018,No picture/link,Yes,No
2016,11,6,20,11/7/2016 1:52,iPhone,39346,15757,Picture/link,Yes,Yes
2016,11,6,19,11/7/2016 0:09,iPhone,37227,15129,Picture/link,Yes,No
2016,11,6,18,11/6/2016 23:42,iPhone,25472,9598,Picture/link,Yes,Yes
2016,11,6,18,11/6/2016 23:08,iPhone,27365,10221,Picture/link,No,No
2016,11,6,14,11/6/2016 19:26,iPhone,26722,9238,Picture/link,Yes,Yes
2016,11,6,12,11/6/2016 17:06,iPhone,19496,8549,Picture/link,No,No
2016,11,6,1,11/6/2016 6:08,iPhone,31989,11047,Picture/link,Yes,Yes
2016,11,5,21,11/6/2016 2:03,iPhone,47251,18736,Picture/link,Yes,Yes
2016,11,5,19,11/6/2016 0:20,iPhone,17853,4746,Picture/link,Yes,No
2016,11,5,19,11/6/2016 0:19,iPhone,18489,6943,Picture/link,Yes,No
2016,11,5,16,11/5/2016 21:46,iPhone,22139,10902,Picture/link,Yes,Yes
2016,11,5,16,11/5/2016 21:39,iPhone,16667,8159,Picture/link,No,No
2016,11,5,16,11/5/2016 21:38,iPhone,21522,12683,Picture/link,No,No
2016,11,5,16,11/5/2016 21:27,iPhone,21112,6793,No picture/link,No,Yes
2016,11,5,15,11/5/2016 20:13,iPhone,32309,11037,Picture/link,Yes,No
2016,11,5,15,11/5/2016 20:06,iPhone,23523,8243,Picture/link,Yes,Yes
2016,11,5,11,11/5/2016 16:45,iPhone,16575,5831,Picture/link,No,No
2016,11,5,8,11/5/2016 13:33,Android,115748,59430,No picture/link,Yes,No
2016,11,4,21,11/5/2016 2:52,iPhone,28423,10298,Picture/link,Yes,Yes
2016,11,4,18,11/4/2016 23:57,iPhone,16840,5467,Picture/link,Yes,No
2016,11,4,18,11/4/2016 23:50,iPhone,19786,6670,Picture/link,Yes,Yes
2016,11,4,18,11/4/2016 23:31,iPhone,65306,34012,Picture/link,No,No
2016,11,4,18,11/4/2016 23:14,iPhone,25507,9618,Picture/link,Yes,No
2016,11,4,15,11/4/2016 20:33,iPhone,13689,3763,Picture/link,Yes,No
2016,11,4,14,11/4/2016 19:07,iPhone,102375,41681,No picture/link,Yes,No
2016,11,4,13,11/4/2016 18:56,iPhone,26472,17349,Picture/link,No,No
2016,11,4,13,11/4/2016 18:46,iPhone,20906,7492,Picture/link,Yes,No
2016,11,4,11,11/4/2016 16:28,iPhone,15989,8027,Picture/link,No,No
2016,11,4,11,11/4/2016 16:17,iPhone,15047,7510,Picture/link,No,Yes
2016,11,4,10,11/4/2016 15:32,iPhone,12993,4164,Picture/link,No,No
2016,11,3,21,11/4/2016 2:35,iPhone,31881,11892,Picture/link,Yes,Yes
2016,11,3,16,11/3/2016 21:28,iPhone,18671,6429,Picture/link,Yes,Yes
2016,11,3,15,11/3/2016 20:55,iPhone,36554,19954,Picture/link,No,Yes
2016,11,3,15,11/3/2016 20:52,iPhone,33250,12308,Picture/link,Yes,No
2016,11,3,14,11/3/2016 19:25,iPhone,55636,16820,Picture/link,No,No
2016,11,3,10,11/3/2016 15:19,iPhone,72541,27935,No picture/link,Yes,No
2016,11,3,7,11/3/2016 12:34,Android,46129,15625,No picture/link,Yes,No
2016,11,3,7,11/3/2016 12:27,Android,46318,12090,No picture/link,Yes,No
2016,11,2,22,11/3/2016 3:55,iPhone,29084,11040,Picture/link,Yes,Yes
2016,11,2,18,11/2/2016 23:34,iPhone,37356,17910,Picture/link,No,Yes
2016,11,2,16,11/2/2016 21:30,iPhone,45676,16571,Picture/link,Yes,No
2016,11,2,14,11/2/2016 19:09,iPhone,48355,26453,Picture/link,Yes,Yes
2016,11,2,13,11/2/2016 18:58,iPhone,19294,10031,Picture/link,No,No
2016,11,2,13,11/2/2016 18:57,iPhone,21988,11196,Picture/link,Yes,Yes
2016,11,2,12,11/2/2016 17:15,iPhone,33197,12453,Picture/link,Yes,No
2016,11,2,9,11/2/2016 14:37,iPhone,87489,30369,No picture/link,No,No
2016,11,2,8,11/2/2016 13:18,Android,19933,7436,Picture/link,No,Yes
2016,11,2,8,11/2/2016 13:11,Android,19258,7963,Picture/link,Yes,Yes
2016,11,2,7,11/2/2016 12:47,Android,48650,18651,No picture/link,Yes,No
2016,11,2,6,11/2/2016 11:00,Android,51064,17412,No picture/link,Yes,No
2016,11,2,5,11/2/2016 10:35,Android,58679,25505,No picture/link,Yes,No
2016,11,1,22,11/2/2016 3:43,iPhone,18908,8335,Picture/link,Yes,No
2016,11,1,16,11/1/2016 21:57,iPhone,25919,14326,Picture/link,Yes,Yes
2016,11,1,16,11/1/2016 21:46,iPhone,17100,8381,Picture/link,No,No
2016,11,1,16,11/1/2016 21:28,iPhone,21718,10640,Picture/link,No,No
2016,11,1,16,11/1/2016 21:20,iPhone,15988,9144,Picture/link,No,No
2016,11,1,16,11/1/2016 21:16,iPhone,18734,8492,Picture/link,No,No
2016,11,1,16,11/1/2016 21:15,iPhone,18863,10890,Picture/link,No,No
2016,11,1,13,11/1/2016 18:44,iPhone,24224,10568,No picture/link,No,No
2016,11,1,12,11/1/2016 17:24,iPhone,20749,7676,Picture/link,No,Yes
2016,11,1,9,11/1/2016 14:14,iPhone,81050,32872,No picture/link,Yes,No
2016,11,1,8,11/1/2016 13:35,iPhone,17634,8795,Picture/link,Yes,No
2016,11,1,7,11/1/2016 12:01,Android,59869,23863,No picture/link,Yes,No
2016,11,1,6,11/1/2016 11:55,Android,39794,16545,No picture/link,Yes,No
2016,11,1,5,11/1/2016 10:31,Android,55800,21538,No picture/link,Yes,No
2016,10,31,15,10/31/2016 20:49,iPhone,24506,8563,Picture/link,Yes,No
2016,10,31,14,10/31/2016 19:08,iPhone,27861,16064,Picture/link,No,Yes
2016,10,31,14,10/31/2016 19:00,iPhone,23172,9457,Picture/link,Yes,Yes
2016,10,27,19,10/28/2016 0:14,iPhone,16110,6340,Picture/link,No,Yes
2016,10,27,17,10/27/2016 22:27,Android,29255,14828,No picture/link,Yes,No
2016,10,27,17,10/27/2016 22:23,Android,18618,5903,No picture/link,Yes,No
2016,10,27,17,10/27/2016 22:05,iPhone,29653,13749,Picture/link,No,Yes
2016,10,27,16,10/27/2016 21:07,iPhone,12983,4465,Picture/link,Yes,Yes
2016,10,27,16,10/27/2016 21:02,iPhone,13007,5060,Picture/link,Yes,Yes
2016,10,27,15,10/27/2016 20:27,iPhone,31503,15090,Picture/link,No,Yes
2016,10,27,14,10/27/2016 19:26,iPhone,17386,7320,Picture/link,Yes,Yes
2016,10,27,12,10/27/2016 17:45,iPhone,12667,4457,Picture/link,Yes,No
2016,10,27,9,10/27/2016 14:49,iPhone,21553,13185,Picture/link,Yes,Yes
2016,10,27,9,10/27/2016 14:44,iPhone,17582,7240,Picture/link,Yes,Yes
2016,10,27,9,10/27/2016 14:32,iPhone,24670,11896,Picture/link,No,Yes
2016,10,27,9,10/27/2016 14:12,iPhone,15461,9260,Picture/link,No,No
2016,10,27,9,10/27/2016 14:10,iPhone,15056,8592,Picture/link,No,Yes
2016,10,27,9,10/27/2016 14:08,iPhone,23369,12532,Picture/link,No,No
2016,10,27,8,10/27/2016 13:01,Android,40267,19871,No picture/link,No,No
2016,10,27,7,10/27/2016 12:17,iPhone,30673,14800,Picture/link,No,Yes
2016,10,26,20,10/27/2016 1:57,iPhone,25578,9918,Picture/link,Yes,No
2016,10,26,20,10/27/2016 1:52,iPhone,26470,10726,Picture/link,Yes,Yes
2016,10,26,13,10/26/2016 18:49,iPhone,17893,8278,Picture/link,Yes,No
2016,10,26,6,10/26/2016 11:02,Android,54369,19931,No picture/link,Yes,No
2016,10,25,18,10/25/2016 23:31,iPhone,25427,9862,Picture/link,Yes,Yes
2016,10,25,17,10/25/2016 22:28,iPhone,24813,10192,Picture/link,Yes,Yes
2016,10,25,17,10/25/2016 22:01,iPhone,38678,16757,No picture/link,Yes,Yes
2016,10,25,16,10/25/2016 21:54,iPhone,27553,12497,Picture/link,Yes,No
2016,10,25,16,10/25/2016 21:36,iPhone,22434,8901,Picture/link,Yes,Yes
2016,10,25,16,10/25/2016 21:03,iPhone,25751,15710,Picture/link,No,Yes
2016,10,25,15,10/25/2016 20:43,iPhone,32739,13072,No picture/link,Yes,Yes
2016,10,25,13,10/25/2016 18:27,iPhone,49151,19838,Picture/link,No,Yes
2016,10,25,11,10/25/2016 16:20,iPhone,31410,17073,Picture/link,Yes,Yes
2016,10,25,11,10/25/2016 16:10,iPhone,20952,11927,Picture/link,No,Yes
2016,10,25,10,10/25/2016 15:22,iPhone,17151,7881,Picture/link,Yes,Yes
2016,10,25,10,10/25/2016 15:21,iPhone,14560,7082,Picture/link,No,Yes
2016,10,25,10,10/25/2016 15:20,iPhone,23102,12455,Picture/link,No,Yes
2016,10,25,9,10/25/2016 14:44,iPhone,27973,13047,Picture/link,Yes,No
2016,10,25,9,10/25/2016 14:39,iPhone,14335,8181,Picture/link,No,No
2016,10,25,9,10/25/2016 14:33,iPhone,17600,9281,Picture/link,Yes,Yes
2016,10,25,9,10/25/2016 14:31,iPhone,15751,8370,Picture/link,No,No
2016,10,24,20,10/25/2016 1:43,iPhone,34603,15350,Picture/link,Yes,Yes
2016,10,24,20,10/25/2016 1:27,iPhone,37931,15770,Picture/link,Yes,No
2016,10,24,19,10/25/2016 0:33,iPhone,40709,21643,Picture/link,Yes,Yes
2016,10,24,16,10/24/2016 21:52,iPhone,13695,6193,Picture/link,No,Yes
2016,10,24,16,10/24/2016 21:50,iPhone,29920,19537,Picture/link,No,No
2016,10,24,16,10/24/2016 21:15,iPhone,13852,5933,Picture/link,Yes,No
2016,10,24,15,10/24/2016 20:39,iPhone,30078,12011,Picture/link,Yes,Yes
2016,10,24,14,10/24/2016 19:01,iPhone,13840,5402,Picture/link,Yes,Yes
2016,10,24,13,10/24/2016 18:30,iPhone,23353,10061,Picture/link,Yes,No
2016,10,24,11,10/24/2016 16:37,iPhone,18695,11490,Picture/link,No,No
2016,10,24,11,10/24/2016 16:35,iPhone,20108,7673,Picture/link,No,No
2016,10,24,11,10/24/2016 16:04,iPhone,16828,10200,Picture/link,No,Yes
2016,10,24,10,10/24/2016 15:55,iPhone,16200,6709,Picture/link,Yes,Yes
2016,10,24,9,10/24/2016 14:46,iPhone,31891,15048,Picture/link,Yes,Yes
2016,10,24,9,10/24/2016 14:17,iPhone,49494,22795,No picture/link,Yes,Yes
2016,10,24,8,10/24/2016 13:05,iPhone,37415,14815,No picture/link,Yes,No
2016,10,24,7,10/24/2016 12:44,Android,45016,19031,No picture/link,Yes,No
2016,10,24,7,10/24/2016 12:00,Android,54465,25908,No picture/link,Yes,No
2016,10,23,21,10/24/2016 2:25,iPhone,20332,12993,Picture/link,No,No
2016,10,23,19,10/24/2016 0:07,iPhone,25091,17021,Picture/link,No,Yes
2016,10,23,19,10/24/2016 0:05,iPhone,26453,11094,Picture/link,Yes,Yes
2016,10,23,18,10/23/2016 23:40,Android,41307,16306,No picture/link,Yes,No
2016,10,23,14,10/23/2016 19:08,iPhone,27275,16347,Picture/link,No,Yes
2016,10,23,12,10/23/2016 17:56,iPhone,17206,6357,Picture/link,Yes,No
2016,10,23,11,10/23/2016 16:34,iPhone,24156,11463,Picture/link,Yes,Yes
2016,10,23,11,10/23/2016 16:30,iPhone,22622,11937,Picture/link,No,No
2016,10,23,11,10/23/2016 16:23,iPhone,20004,9209,Picture/link,Yes,No
2016,10,21,10,10/21/2016 15:23,iPhone,25169,14969,Picture/link,Yes,Yes
2016,10,20,17,10/20/2016 22:08,iPhone,24925,13459,Picture/link,No,Yes
2016,10,20,16,10/20/2016 21:59,iPhone,24263,11383,Picture/link,No,Yes
2016,10,20,15,10/20/2016 20:30,iPhone,24806,12252,Picture/link,Yes,No
2016,10,20,15,10/20/2016 20:26,iPhone,23817,12537,Picture/link,No,No
2016,10,20,15,10/20/2016 20:06,iPhone,26427,10755,Picture/link,No,No
2016,10,20,14,10/20/2016 19:51,iPhone,13058,5744,Picture/link,Yes,No
2016,10,20,14,10/20/2016 19:51,iPhone,13345,5146,Picture/link,Yes,Yes
2016,10,20,13,10/20/2016 18:25,iPhone,29499,15285,Picture/link,Yes,Yes
2016,10,20,12,10/20/2016 17:33,iPhone,27144,11143,Picture/link,Yes,No
2016,10,20,10,10/20/2016 15:52,iPhone,38372,16350,Picture/link,Yes,No
2016,10,20,9,10/20/2016 14:55,Android,50324,19550,No picture/link,Yes,No
2016,10,20,8,10/20/2016 13:27,iPhone,44162,20208,Picture/link,Yes,Yes
2016,10,20,2,10/20/2016 7:14,iPhone,45001,19253,Picture/link,No,No
2016,10,19,23,10/20/2016 4:27,iPhone,35087,17661,Picture/link,Yes,No
2016,10,19,23,10/20/2016 4:18,iPhone,44700,21195,Picture/link,No,Yes
2016,10,19,23,10/20/2016 4:10,iPhone,19939,9091,Picture/link,Yes,Yes
2016,10,19,23,10/20/2016 4:06,iPhone,36359,15175,Picture/link,Yes,Yes
2016,10,19,21,10/20/2016 2:59,Android,71819,22355,No picture/link,Yes,No
2016,10,19,21,10/20/2016 2:51,iPhone,12765,4606,Picture/link,Yes,Yes
2016,10,19,21,10/20/2016 2:47,iPhone,24288,10062,Picture/link,No,Yes
2016,10,19,21,10/20/2016 2:34,iPhone,15934,7270,Picture/link,No,Yes
2016,10,19,21,10/20/2016 2:32,iPhone,25124,15258,Picture/link,Yes,Yes
2016,10,19,21,10/20/2016 2:31,iPhone,16221,7802,Picture/link,No,Yes
2016,10,19,21,10/20/2016 2:29,iPhone,15498,6804,Picture/link,Yes,Yes
2016,10,19,21,10/20/2016 2:27,iPhone,14226,6504,Picture/link,Yes,Yes
2016,10,19,21,10/20/2016 2:21,iPhone,9356,4227,Picture/link,No,Yes
2016,10,19,21,10/20/2016 2:16,iPhone,21027,11546,Picture/link,No,Yes
2016,10,19,21,10/20/2016 2:14,iPhone,16360,7558,Picture/link,No,Yes
2016,10,19,21,10/20/2016 2:11,iPhone,15961,7566,Picture/link,Yes,Yes
2016,10,19,20,10/20/2016 1:57,iPhone,15700,7166,Picture/link,Yes,Yes
2016,10,19,20,10/20/2016 1:55,iPhone,16483,10783,Picture/link,No,Yes
2016,10,19,20,10/20/2016 1:50,iPhone,12140,4995,No picture/link,No,Yes
2016,10,19,20,10/20/2016 1:49,iPhone,9344,4527,Picture/link,No,Yes
2016,10,19,20,10/20/2016 1:46,iPhone,12629,6280,Picture/link,Yes,Yes
2016,10,19,20,10/20/2016 1:44,iPhone,10858,6156,Picture/link,No,Yes
2016,10,19,20,10/20/2016 1:39,iPhone,12405,6951,Picture/link,No,Yes
2016,10,19,20,10/20/2016 1:37,iPhone,12425,6759,Picture/link,Yes,Yes
2016,10,18,13,10/18/2016 18:05,iPhone,18087,11346,Picture/link,No,No
2016,10,18,10,10/18/2016 15:36,iPhone,38463,20270,Picture/link,No,Yes
2016,10,18,10,10/18/2016 15:34,iPhone,26887,15626,Picture/link,No,Yes
2016,10,18,10,10/18/2016 15:33,iPhone,28123,13662,Picture/link,No,Yes
2016,10,18,6,10/18/2016 11:32,Android,32817,13881,Picture/link,No,No
2016,10,17,21,10/18/2016 2:07,iPhone,41597,16245,Picture/link,No,No
2016,10,17,20,10/18/2016 1:43,iPhone,22364,11430,Picture/link,No,No
2016,10,17,20,10/18/2016 1:42,iPhone,25767,15885,Picture/link,No,No
2016,10,17,17,10/17/2016 22:51,iPhone,59658,38298,Picture/link,Yes,No
2016,10,17,17,10/17/2016 22:46,iPhone,19974,12031,Picture/link,No,No
2016,10,17,17,10/17/2016 22:27,iPhone,30207,7971,No picture/link,Yes,No
2016,10,17,17,10/17/2016 22:02,iPhone,38984,14705,No picture/link,Yes,Yes
2016,10,17,16,10/17/2016 21:44,iPhone,16694,7728,Picture/link,No,No
2016,10,17,16,10/17/2016 21:38,iPhone,13922,5496,Picture/link,Yes,Yes
2016,10,17,14,10/17/2016 19:31,Android,37323,13719,No picture/link,No,No
2016,10,17,14,10/17/2016 19:23,iPhone,22418,14522,Picture/link,No,No
2016,10,17,14,10/17/2016 19:11,iPhone,18727,11098,Picture/link,No,No
2016,10,17,11,10/17/2016 16:12,Android,37377,14173,No picture/link,No,No
2016,10,17,10,10/17/2016 15:24,Android,47606,20183,No picture/link,Yes,No
2016,10,17,10,10/17/2016 15:20,iPhone,26882,14730,Picture/link,No,No
2016,10,17,9,10/17/2016 14:58,iPhone,25542,13783,Picture/link,Yes,No
2016,10,17,7,10/17/2016 12:35,Android,48612,19104,No picture/link,Yes,No
2016,10,17,7,10/17/2016 12:33,Android,36272,14110,No picture/link,Yes,No
2016,10,17,7,10/17/2016 12:28,Android,19361,8266,Picture/link,No,No
2016,10,17,7,10/17/2016 12:24,Android,19519,10442,Picture/link,Yes,No
2016,10,17,7,10/17/2016 12:19,Android,18536,11033,Picture/link,No,No
2016,10,17,7,10/17/2016 12:15,Android,28524,10023,No picture/link,Yes,No
2016,10,16,17,10/16/2016 22:34,Android,39331,14848,No picture/link,Yes,No
2016,10,16,17,10/16/2016 22:29,Android,46172,23191,No picture/link,No,No
2016,10,16,17,10/16/2016 22:15,Android,33288,14624,No picture/link,Yes,No
2016,10,16,16,10/16/2016 21:02,Android,38797,14746,No picture/link,Yes,No
2016,10,16,15,10/16/2016 20:54,Android,30885,11089,No picture/link,No,No
2016,10,16,15,10/16/2016 20:47,Android,33283,12579,No picture/link,Yes,No
2016,10,16,15,10/16/2016 20:13,iPhone,16926,6916,Picture/link,Yes,No
2016,10,16,14,10/16/2016 19:26,iPhone,27456,14224,Picture/link,No,No
2016,10,16,12,10/16/2016 17:01,Android,57444,21796,No picture/link,No,No
2016,10,16,11,10/16/2016 16:07,iPhone,35420,22040,Picture/link,Yes,No
2016,10,16,11,10/16/2016 16:07,iPhone,24741,13290,Picture/link,No,No
2016,10,16,8,10/16/2016 13:15,iPhone,29773,16390,Picture/link,Yes,No
2016,10,16,8,10/16/2016 13:12,iPhone,25212,13006,Picture/link,Yes,No
2016,10,16,7,10/16/2016 12:31,Android,46920,19242,No picture/link,Yes,No
2016,10,16,6,10/16/2016 11:36,Android,49207,17994,No picture/link,Yes,No
2016,10,16,6,10/16/2016 11:14,Android,53071,18523,No picture/link,Yes,No
2016,10,15,19,10/16/2016 0:06,Android,26369,9892,No picture/link,Yes,No
2016,10,15,19,10/16/2016 0:03,iPhone,21974,9531,Picture/link,No,No
2016,10,15,19,10/16/2016 0:03,Android,23088,8334,No picture/link,Yes,Yes
2016,10,15,18,10/15/2016 23:11,iPhone,26972,11157,Picture/link,Yes,Yes
2016,10,15,17,10/15/2016 22:49,Android,39375,16114,No picture/link,Yes,No
2016,10,15,13,10/15/2016 18:29,Android,60063,20898,No picture/link,Yes,No
2016,10,15,13,10/15/2016 18:11,iPhone,32659,12956,Picture/link,Yes,No
2016,10,10,12,10/10/2016 17:22,Android,81484,30330,No picture/link,No,No
2016,10,10,12,10/10/2016 17:08,Android,50874,11977,Picture/link,Yes,No
2016,10,9,22,10/10/2016 3:39,iPhone,56009,16271,Picture/link,Yes,Yes
2016,10,9,21,10/10/2016 2:31,iPhone,27148,11852,Picture/link,Yes,Yes
2016,10,9,20,10/10/2016 1:57,iPhone,16570,5989,Picture/link,Yes,No
2016,10,9,20,10/10/2016 1:48,iPhone,14199,7131,Picture/link,Yes,Yes
2016,10,9,20,10/10/2016 1:29,iPhone,35536,15106,No picture/link,Yes,Yes
2016,10,4,20,10/5/2016 1:30,Android,42922,10751,No picture/link,Yes,No
2016,10,4,20,10/5/2016 1:29,Android,16818,4686,No picture/link,Yes,No
2016,10,4,20,10/5/2016 1:28,Android,28232,8999,No picture/link,No,No
2016,10,4,20,10/5/2016 1:26,Android,19540,4874,No picture/link,Yes,No
2016,10,4,20,10/5/2016 1:22,Android,20314,5788,No picture/link,No,Yes
2016,10,4,20,10/5/2016 1:16,Android,22365,5378,No picture/link,No,Yes
2016,10,4,20,10/5/2016 1:15,Android,17312,3608,No picture/link,No,No
2016,10,4,20,10/5/2016 1:12,Android,20745,6505,No picture/link,No,Yes
2016,10,4,20,10/5/2016 1:06,iPhone,14124,3612,No picture/link,No,No
2016,9,26,20,9/27/2016 1:33,iPhone,22519,12303,Picture/link,Yes,No
